frame_id,image_file,split,project,source,captured_at,date,hour,time_band,status,annotation_count,width,height,brightness,contrast,edge_energy,brightness_band,contrast_band,texture_band,color_cast,capture_group
f-005c76a026d4,images/test/f-005c76a026d4.png,test,fish,PIKE,2025-06-14T07:16:25,2025-06-14,7,dawn,fish,1,640,848,135.648,88.726,11.209,mid,high,smooth,blue,PIKE|2025-06-14|07|1
f-009073ad8cc4,images/test/f-009073ad8cc4.png,test,fish,PIKE,2025-06-10T18:41:50,2025-06-10,18,dusk,fish,1,640,848,130.002,71.713,12.087,mid,high,medium,neutral,PIKE|2025-06-10|18|4
f-06152b40e2ec,images/test/f-06152b40e2ec.png,test,hessen,IAHC2407,2026-07-20T18:49:35,2026-07-20,18,dusk,fish,2,1280,720,123.851,54.105,12.488,mid,medium,medium,neutral,IAHC2407|2026-07-20|18|4
f-065dcb7c96e5,images/test/f-065dcb7c96e5.png,test,fish,PIKE,2026-07-01T18:14:37,2026-07-01,18,dusk,fish,1,1024,768,113.040,75.247,8.202,mid,high,smooth,neutral,PIKE|2026-07-01|18|1
f-0a69488bf1d8,images/test/f-0a69488bf1d8.png,test,hessen,IAHC2407,2026-07-20T20:21:25,2026-07-20,20,dusk,fish,2,1280,720,140.919,61.173,17.465,mid,high,medium,neutral,IAHC2407|2026-07-20|20|2
f-0bdb94c3e59d,images/test/f-0bdb94c3e59d.png,test,fish,PIKE,2026-07-01T12:50:53,2026-07-01,12,day,fish,1,1024,768,116.213,78.829,6.090,mid,high,smooth,neutral,PIKE|2026-07-01|12|5
f-0c132d8200f8,images/test/f-0c132d8200f8.png,test,fish,PIKE,2026-07-18T22:25:55,2026-07-18,22,night,no_fish,0,1280,960,112.074,72.370,10.850,mid,high,smooth,neutral,PIKE|2026-07-18|22|2
f-0cc4596c32fa,images/test/f-0cc4596c32fa.png,test,fish,PIKE,2026-07-18T22:28:18,2026-07-18,22,night,fish,1,1280,960,117.723,74.267,10.744,mid,high,smooth,neutral,PIKE|2026-07-18|22|2
f-0d40e6b97ccc,images/test/f-0d40e6b97ccc.png,test,fish,PIKE,2026-07-18T22:26:13,2026-07-18,22,night,fish,1,1280,960,113.819,75.183,11.230,mid,high,smooth,neutral,PIKE|2026-07-18|22|2
f-0e21bb3bd48d,images/test/f-0e21bb3bd48d.png,test,fish,PIKE,2025-06-14T15:26:44,2025-06-14,15,day,fish,1,640,848,128.981,69.753,13.415,mid,high,medium,neutral,PIKE|2025-06-14|15|2
f-1087c5ede7fd,images/test/f-1087c5ede7fd.png,test,fish,PIKE,2026-07-18T22:28:08,2026-07-18,22,night,fish,1,1280,960,118.841,76.043,11.098,mid,high,smooth,neutral,PIKE|2026-07-18|22|2
f-119a76a7e009,images/test/f-119a76a7e009.png,test,fish,PIKE,2026-07-18T22:28:20,2026-07-18,22,night,fish,1,1280,960,117.889,75.080,10.847,mid,high,smooth,neutral,PIKE|2026-07-18|22|2
f-13912a5a1e81,images/test/f-13912a5a1e81.png,test,fish,PIKE,2025-06-10T23:56:50,2025-06-10,23,night,fish,1,640,848,87.706,89.095,6.392,mid,high,smooth,neutral,PIKE|2025-06-10|23|5
f-14b352e8dc2f,images/test/f-14b352e8dc2f.png,test,fish,PIKE,2026-07-01T18:12:21,2026-07-01,18,dusk,fish,1,1024,768,115.872,76.115,8.226,mid,high,smooth,neutral,PIKE|2026-07-01|18|1
f-16c82e4c8542,images/test/f-16c82e4c8542.png,test,fish,PIKE,2025-06-14T07:45:52,2025-06-14,7,dawn,fish,1,640,848,115.802,72.916,11.201,mid,high,smooth,neutral,PIKE|2025-06-14|07|4
f-188c990a432b,images/test/f-188c990a432b.png,test,fish,PIKE,2025-09-20T03:40:11,2025-09-20,3,night,fish,1,640,848,95.090,91.222,8.605,mid,high,smooth,neutral,PIKE|2025-09-20|03|4
f-1a660ab0bcee,images/test/f-1a660ab0bcee.png,test,fish,PIKE,2026-07-18T22:26:18,2026-07-18,22,night,no_fish,0,1280,960,112.415,73.160,11.087,mid,high,smooth,neutral,PIKE|2026-07-18|22|2
f-1f951fde0b27,images/test/f-1f951fde0b27.png,test,fish,PIKE,2026-07-01T06:58:45,2026-07-01,6,dawn,fish,1,1024,768,117.005,81.184,5.919,mid,high,smooth,neutral,PIKE|2026-07-01|06|5
f-204e517c4360,images/test/f-204e517c4360.png,test,fish,PIKE,2025-09-20T07:17:47,2025-09-20,7,dawn,fish,1,640,848,143.002,80.048,12.725,mid,high,medium,blue,PIKE|2025-09-20|07|1
f-22a8ecb23fbd,images/test/f-22a8ecb23fbd.png,test,fish,PIKE,2026-02-16T06:26:37,2026-02-16,6,dawn,no_fish,0,768,1024,197.815,64.215,13.332,bright,high,medium,neutral,PIKE|2026-02-16|06|2
f-22c4f54613b3,images/test/f-22c4f54613b3.png,test,fish,PIKE,2026-07-19T10:29:08,2026-07-19,10,day,fish,1,1280,960,123.050,74.777,9.666,mid,high,smooth,neutral,PIKE|2026-07-19|10|2
f-22d53a9e5b36,images/test/f-22d53a9e5b36.png,test,fish,PIKE,2025-09-20T04:03:38,2025-09-20,4,night,fish,2,640,848,95.032,91.074,8.405,mid,high,smooth,neutral,PIKE|2025-09-20|04|0
f-247b56451f52,images/test/f-247b56451f52.png,test,fish,PIKE,2025-06-10T16:02:38,2025-06-10,16,day,fish,2,640,848,135.528,70.998,9.943,mid,high,smooth,neutral,PIKE|2025-06-10|16|0
f-25098cf4d910,images/test/f-25098cf4d910.png,test,fish,PIKE,2025-09-20T07:19:17,2025-09-20,7,dawn,fish,1,640,848,135.592,75.507,13.518,mid,high,medium,blue,PIKE|2025-09-20|07|1
f-2572b83cfa3d,images/test/f-2572b83cfa3d.png,test,fish,PIKE,2026-07-18T22:28:20,2026-07-18,22,night,fish,1,1280,960,116.357,74.521,10.650,mid,high,smooth,neutral,PIKE|2026-07-18|22|2
f-25d2d43d279f,images/test/f-25d2d43d279f.png,test,fish,PIKE,2025-06-10T20:27:51,2025-06-10,20,dusk,fish,1,640,848,134.430,76.412,12.395,mid,high,medium,neutral,PIKE|2025-06-10|20|2
f-2a26ce94ea06,images/test/f-2a26ce94ea06.png,test,fish,PIKE,2026-07-01T03:18:46,2026-07-01,3,night,no_fish,0,1024,768,118.423,83.408,8.912,mid,high,smooth,neutral,PIKE|2026-07-01|03|1
f-2e217d9e998c,images/test/f-2e217d9e998c.png,test,fish,PIKE,2025-06-10T17:44:08,2025-06-10,17,day,fish,1,640,848,122.500,70.148,11.483,mid,high,smooth,neutral,PIKE|2025-06-10|17|4
f-2e2e0f10aaa6,images/test/f-2e2e0f10aaa6.png,test,fish,PIKE,2026-07-01T12:54:50,2026-07-01,12,day,fish,2,1024,768,116.678,78.721,6.054,mid,high,smooth,neutral,PIKE|2026-07-01|12|5
f-317e628ff87d,images/test/f-317e628ff87d.png,test,fish,PIKE,2026-07-01T11:22:25,2026-07-01,11,day,no_fish,0,1024,768,121.724,82.997,5.904,mid,high,smooth,neutral,PIKE|2026-07-01|11|2
f-32ac7e60d7d0,images/test/f-32ac7e60d7d0.png,test,fish,PIKE,2026-07-18T22:25:48,2026-07-18,22,night,no_fish,0,1280,960,113.340,73.757,11.411,mid,high,smooth,neutral,PIKE|2026-07-18|22|2
f-32ae6d218539,images/test/f-32ae6d218539.png,test,fish,PIKE,2025-06-10T16:07:56,2025-06-10,16,day,fish,2,640,848,140.110,64.315,10.316,mid,high,smooth,neutral,PIKE|2025-06-10|16|0
f-337a47d9c132,images/test/f-337a47d9c132.png,test,fish,PIKE,2026-07-01T03:19:00,2026-07-01,3,night,no_fish,0,1024,768,116.148,83.507,8.766,mid,high,smooth,neutral,PIKE|2026-07-01|03|1
f-33cb4464d490,images/test/f-33cb4464d490.png,test,fish,PIKE,2026-07-01T06:18:33,2026-07-01,6,dawn,fish,1,1024,768,119.606,83.236,6.044,mid,high,smooth,neutral,PIKE|2026-07-01|06|1
f-340ce92a3266,images/test/f-340ce92a3266.png,test,fish,PIKE,2025-09-20T19:46:18,2025-09-20,19,dusk,fish,1,640,848,93.666,90.802,8.562,mid,high,smooth,neutral,PIKE|2025-09-20|19|4
f-3492ed2c53a5,images/test/f-3492ed2c53a5.png,test,fish,PIKE,2026-07-18T22:28:19,2026-07-18,22,night,fish,1,1280,960,117.263,74.815,10.429,mid,high,smooth,neutral,PIKE|2026-07-18|22|2
f-35728ad58201,images/test/f-35728ad58201.png,test,fish,PIKE,2025-06-10T17:43:50,2025-06-10,17,day,fish,1,640,848,123.753,70.304,11.768,mid,high,smooth,neutral,PIKE|2025-06-10|17|4
f-3628f10ef4ac,images/test/f-3628f10ef4ac.png,test,fish,PIKE,2025-09-20T18:15:35,2025-09-20,18,dusk,fish,1,640,848,122.863,80.831,11.620,mid,high,smooth,blue,PIKE|2025-09-20|18|1
f-371f742023cb,images/test/f-371f742023cb.png,test,fish,PIKE,2026-07-01T03:19:16,2026-07-01,3,night,no_fish,0,1024,768,116.816,83.691,8.893,mid,high,smooth,neutral,PIKE|2026-07-01|03|1
f-392268361625,images/test/f-392268361625.png,test,fish,PIKE,2025-09-20T07:18:59,2025-09-20,7,dawn,fish,1,640,848,133.591,73.497,13.212,mid,high,medium,blue,PIKE|2025-09-20|07|1
f-3a4a11e6ad47,images/test/f-3a4a11e6ad47.png,test,fish,PIKE,2026-07-01T06:52:49,2026-07-01,6,dawn,fish,1,1024,768,114.355,80.912,5.899,mid,high,smooth,neutral,PIKE|2026-07-01|06|5
f-3c1334d84b84,images/test/f-3c1334d84b84.png,test,fish,PIKE,2026-02-16T21:55:59,2026-02-16,21,night,no_fish,0,768,1024,176.568,74.331,13.738,bright,high,medium,neutral,PIKE|2026-02-16|21|5
f-3c67dec30384,images/test/f-3c67dec30384.png,test,fish,PIKE,2026-07-18T22:26:19,2026-07-18,22,night,no_fish,0,1280,960,119.698,74.554,10.769,mid,high,smooth,neutral,PIKE|2026-07-18|22|2
f-3d687f771166,images/test/f-3d687f771166.png,test,fish,PIKE,2025-09-20T19:46:08,2025-09-20,19,dusk,fish,1,640,848,93.402,90.341,8.621,mid,high,smooth,neutral,PIKE|2025-09-20|19|4
f-3e50a2a682b2,images/test/f-3e50a2a682b2.png,test,fish,PIKE,2026-07-20T07:09:48,2026-07-20,7,dawn,fish,1,1280,960,121.814,73.329,10.135,mid,high,smooth,neutral,PIKE|2026-07-20|07|0
f-40a6d76fdfb1,images/test/f-40a6d76fdfb1.png,test,hessen,IAHC2407,2026-07-20T18:48:02,2026-07-20,18,dusk,fish,1,1280,720,138.464,56.582,14.928,mid,high,medium,neutral,IAHC2407|2026-07-20|18|4
f-41e139d7618a,images/test/f-41e139d7618a.png,test,fish,PIKE,2025-06-14T10:38:35,2025-06-14,10,day,fish,1,640,848,112.628,73.639,11.281,mid,high,smooth,neutral,PIKE|2025-06-14|10|3
f-435342ff57cd,images/test/f-435342ff57cd.png,test,fish,PIKE,2026-07-18T22:26:11,2026-07-18,22,night,fish,1,1280,960,112.263,72.797,10.847,mid,high,smooth,neutral,PIKE|2026-07-18|22|2
f-44168d345573,images/test/f-44168d345573.png,test,fish,PIKE,2025-06-10T23:57:29,2025-06-10,23,night,fish,1,640,848,87.414,88.475,6.849,mid,high,smooth,neutral,PIKE|2025-06-10|23|5
f-484b8d7f4ada,images/test/f-484b8d7f4ada.png,test,fish,PIKE,2026-07-01T07:19:52,2026-07-01,7,dawn,fish,1,1024,768,122.954,80.927,6.206,mid,high,smooth,neutral,PIKE|2026-07-01|07|1
f-4851f0b754f9,images/test/f-4851f0b754f9.png,test,fish,PIKE,2026-07-18T22:28:10,2026-07-18,22,night,fish,1,1280,960,116.795,74.018,10.917,mid,high,smooth,neutral,PIKE|2026-07-18|22|2
f-4873dc0b7b64,images/test/f-4873dc0b7b64.png,test,fish,PIKE,2025-06-14T07:17:46,2025-06-14,7,dawn,fish,1,640,848,140.485,89.491,11.563,mid,high,smooth,blue,PIKE|2025-06-14|07|1
f-497444f417e2,images/test/f-497444f417e2.png,test,fish,PIKE,2025-09-20T15:59:04,2025-09-20,15,day,fish,1,640,848,139.068,72.948,13.563,mid,high,medium,blue,PIKE|2025-09-20|15|5
f-49849ddf55fe,images/test/f-49849ddf55fe.png,test,fish,PIKE,2026-07-18T22:28:22,2026-07-18,22,night,fish,1,1280,960,116.915,73.813,11.036,mid,high,smooth,neutral,PIKE|2026-07-18|22|2
f-4aa8d31d4948,images/test/f-4aa8d31d4948.png,test,fish,PIKE,2025-09-20T07:23:35,2025-09-20,7,dawn,fish,1,640,848,139.737,77.428,13.357,mid,high,medium,blue,PIKE|2025-09-20|07|2
f-4af7f1a861f1,images/test/f-4af7f1a861f1.png,test,fish,PIKE,2025-06-14T10:35:54,2025-06-14,10,day,fish,1,640,848,144.970,78.625,13.319,mid,high,medium,neutral,PIKE|2025-06-14|10|3
f-4b76fb39ac59,images/test/f-4b76fb39ac59.png,test,fish,PIKE,2025-09-20T07:16:58,2025-09-20,7,dawn,fish,1,640,848,140.136,78.745,12.796,mid,high,medium,blue,PIKE|2025-09-20|07|1
f-4f62a76d182d,images/test/f-4f62a76d182d.png,test,fish,PIKE,2025-06-10T23:58:32,2025-06-10,23,night,fish,1,640,848,87.107,88.083,6.924,mid,high,smooth,neutral,PIKE|2025-06-10|23|5
f-50d3057e29be,images/test/f-50d3057e29be.png,test,fish,PIKE,2026-07-01T03:11:17,2026-07-01,3,night,no_fish,0,1024,768,115.877,83.535,9.034,mid,high,smooth,neutral,PIKE|2026-07-01|03|1
f-54105dc471c4,images/test/f-54105dc471c4.png,test,hessen,IAHC2407,2026-07-20T21:17:02,2026-07-20,21,night,fish,1,1280,720,134.878,61.037,16.717,mid,high,medium,neutral,IAHC2407|2026-07-20|21|1
f-544671299568,images/test/f-544671299568.png,test,fish,PIKE,2026-07-01T06:55:58,2026-07-01,6,dawn,fish,1,1024,768,119.504,82.763,6.349,mid,high,smooth,neutral,PIKE|2026-07-01|06|5
f-54e8a5666180,images/test/f-54e8a5666180.png,test,fish,PIKE,2026-07-18T22:27:23,2026-07-18,22,night,no_fish,0,1280,960,118.756,74.946,10.906,mid,high,smooth,neutral,PIKE|2026-07-18|22|2
f-5610261714b5,images/test/f-5610261714b5.png,test,fish,PIKE,2026-07-18T22:28:07,2026-07-18,22,night,fish,1,1280,960,118.238,74.372,11.019,mid,high,smooth,neutral,PIKE|2026-07-18|22|2
f-582da8d28016,images/test/f-582da8d28016.png,test,fish,PIKE,2026-07-19T10:25:35,2026-07-19,10,day,fish,1,1280,960,116.449,73.264,10.464,mid,high,smooth,neutral,PIKE|2026-07-19|10|2
f-58c92e704308,images/test/f-58c92e704308.png,test,fish,PIKE,2026-07-01T18:26:47,2026-07-01,18,dusk,fish,1,1024,768,120.223,75.118,8.121,mid,high,smooth,neutral,PIKE|2026-07-01|18|2
f-59c76241f425,images/test/f-59c76241f425.png,test,fish,PIKE,2026-07-18T22:28:17,2026-07-18,22,night,fish,1,1280,960,116.639,74.201,10.679,mid,high,smooth,neutral,PIKE|2026-07-18|22|2
f-59ffda557a7c,images/test/f-59ffda557a7c.png,test,fish,PIKE,2026-07-18T22:26:52,2026-07-18,22,night,fish,1,1280,960,117.809,74.248,11.114,mid,high,smooth,neutral,PIKE|2026-07-18|22|2
f-5a6626179898,images/test/f-5a6626179898.png,test,fish,PIKE,2025-09-20T03:40:40,2025-09-20,3,night,fish,2,640,848,94.419,91.074,8.787,mid,high,smooth,neutral,PIKE|2025-09-20|03|4
f-5c0f723e5cd1,images/test/f-5c0f723e5cd1.png,test,fish,PIKE,2025-06-10T17:43:45,2025-06-10,17,day,fish,1,640,848,124.505,71.195,11.668,mid,high,smooth,neutral,PIKE|2025-06-10|17|4
f-5e409f1741ee,images/test/f-5e409f1741ee.png,test,fish,PIKE,2026-02-25T16:47:44,2026-02-25,16,day,no_fish,0,768,1024,128.375,72.973,7.555,mid,high,smooth,neutral,PIKE|2026-02-25|16|4
f-5e4595d11ac5,images/test/f-5e4595d11ac5.png,test,fish,PIKE,2026-07-18T22:28:27,2026-07-18,22,night,fish,1,1280,960,115.478,72.906,10.843,mid,high,smooth,neutral,PIKE|2026-07-18|22|2
f-64e46ab95310,images/test/f-64e46ab95310.png,test,fish,PIKE,2026-07-18T22:28:26,2026-07-18,22,night,fish,1,1280,960,117.713,75.630,11.091,mid,high,smooth,neutral,PIKE|2026-07-18|22|2
f-68c1531f951e,images/test/f-68c1531f951e.png,test,fish,PIKE,2025-06-14T23:17:40,2025-06-14,23,night,fish,1,640,848,83.933,95.755,6.710,mid,high,smooth,neutral,PIKE|2025-06-14|23|1
f-6bcc55bd4487,images/test/f-6bcc55bd4487.png,test,fish,PIKE,2026-07-01T21:50:48,2026-07-01,21,night,fish,1,1024,768,112.662,84.478,9.018,mid,high,smooth,neutral,PIKE|2026-07-01|21|5
f-710534041808,images/test/f-710534041808.png,test,fish,PIKE,2026-02-16T08:55:47,2026-02-16,8,dawn,no_fish,0,768,1024,146.478,88.770,8.693,mid,high,smooth,neutral,PIKE|2026-02-16|08|5
f-71aac4a4ae37,images/test/f-71aac4a4ae37.png,test,fish,EDGE_DEVICE,2026-07-23T19:29:25,2026-07-23,19,dusk,no_fish,0,1280,960,120.298,67.482,10.884,mid,high,smooth,neutral,EDGE_DEVICE|2026-07-23|19|2
f-71f86590a5f2,images/test/f-71f86590a5f2.png,test,fish,PIKE,2025-06-10T17:41:42,2025-06-10,17,day,fish,1,640,848,116.798,67.310,11.232,mid,high,smooth,neutral,PIKE|2025-06-10|17|4
f-73f1aed469f7,images/test/f-73f1aed469f7.png,test,fish,EDGE_DEVICE,2026-07-23T19:28:46,2026-07-23,19,dusk,no_fish,0,1280,960,119.797,66.969,10.745,mid,high,smooth,neutral,EDGE_DEVICE|2026-07-23|19|2
f-756b29128a13,images/test/f-756b29128a13.png,test,fish,PIKE,2026-07-01T07:14:03,2026-07-01,7,dawn,fish,1,1024,768,113.983,81.430,6.202,mid,high,smooth,neutral,PIKE|2026-07-01|07|1
f-76b6e74d3d02,images/test/f-76b6e74d3d02.png,test,fish,PIKE,2025-06-10T18:40:47,2025-06-10,18,dusk,no_fish,0,640,848,131.409,72.270,11.739,mid,high,smooth,neutral,PIKE|2025-06-10|18|4
f-77d10ea2c7aa,images/test/f-77d10ea2c7aa.png,test,fish,PIKE,2025-06-14T15:22:02,2025-06-14,15,day,fish,1,640,848,118.623,65.758,13.025,mid,high,medium,neutral,PIKE|2025-06-14|15|2
f-7928d76c002d,images/test/f-7928d76c002d.png,test,fish,PIKE,2025-07-04T00:23:09,2025-07-04,0,night,fish,1,640,848,91.364,86.420,8.004,mid,high,smooth,neutral,PIKE|2025-07-04|00|2
f-79d3a4aa40c3,images/test/f-79d3a4aa40c3.png,test,fish,PIKE,2025-06-10T18:04:48,2025-06-10,18,dusk,fish,1,640,848,126.299,71.205,11.697,mid,high,smooth,neutral,PIKE|2025-06-10|18|0
f-79dce4d89be8,images/test/f-79dce4d89be8.png,test,fish,PIKE,2026-02-16T08:55:24,2026-02-16,8,dawn,no_fish,0,768,1024,139.181,88.115,8.441,mid,high,smooth,neutral,PIKE|2026-02-16|08|5
f-7d8c56353e62,images/test/f-7d8c56353e62.png,test,fish,PIKE,2026-07-01T18:24:16,2026-07-01,18,dusk,fish,2,1024,768,121.182,77.276,8.307,mid,high,smooth,neutral,PIKE|2026-07-01|18|2
f-7db1bcfed7eb,images/test/f-7db1bcfed7eb.png,test,fish,EDGE_DEVICE,2026-07-23T19:27:30,2026-07-23,19,dusk,no_fish,0,1280,960,114.639,65.715,10.479,mid,high,smooth,blue,EDGE_DEVICE|2026-07-23|19|2
f-7dc94cdad715,images/test/f-7dc94cdad715.png,test,fish,PIKE,2026-07-18T22:26:20,2026-07-18,22,night,fish,1,1280,960,119.530,73.604,11.409,mid,high,smooth,neutral,PIKE|2026-07-18|22|2
f-81f16ab6f67d,images/test/f-81f16ab6f67d.png,test,fish,PIKE,2026-07-01T12:58:40,2026-07-01,12,day,fish,2,1024,768,112.211,81.171,6.475,mid,high,smooth,neutral,PIKE|2026-07-01|12|5
f-82c3248a4ebe,images/test/f-82c3248a4ebe.png,test,fish,PIKE,2026-07-18T22:28:15,2026-07-18,22,night,fish,1,1280,960,116.946,73.283,10.464,mid,high,smooth,neutral,PIKE|2026-07-18|22|2
f-838e4d23c15c,images/test/f-838e4d23c15c.png,test,fish,PIKE,2025-06-14T10:30:23,2025-06-14,10,day,no_fish,0,640,848,114.825,71.206,11.655,mid,high,smooth,neutral,PIKE|2025-06-14|10|3
f-83901de9ea85,images/test/f-83901de9ea85.png,test,fish,PIKE,2025-06-10T18:07:51,2025-06-10,18,dusk,fish,1,640,848,132.219,73.883,12.109,mid,high,medium,neutral,PIKE|2025-06-10|18|0
f-840526b0924d,images/test/f-840526b0924d.png,test,fish,PIKE,2026-07-01T07:13:45,2026-07-01,7,dawn,fish,2,1024,768,116.272,81.492,6.211,mid,high,smooth,neutral,PIKE|2026-07-01|07|1
f-8418a769be07,images/test/f-8418a769be07.png,test,fish,PIKE,2026-02-16T08:30:16,2026-02-16,8,dawn,no_fish,0,768,1024,154.670,87.594,9.004,mid,high,smooth,neutral,PIKE|2026-02-16|08|3
f-85de26ea87a1,images/test/f-85de26ea87a1.png,test,fish,PIKE,2025-07-04T08:18:03,2025-07-04,8,dawn,fish,1,640,848,118.144,71.621,9.198,mid,high,smooth,neutral,PIKE|2025-07-04|08|1
f-86d6317ed621,images/test/f-86d6317ed621.png,test,fish,PIKE,2026-02-16T10:59:39,2026-02-16,10,day,no_fish,0,768,1024,123.350,78.222,8.502,mid,high,smooth,neutral,PIKE|2026-02-16|10|5
f-8936ffdd3e04,images/test/f-8936ffdd3e04.png,test,fish,PIKE,2026-07-01T06:15:54,2026-07-01,6,dawn,fish,1,1024,768,126.289,83.141,6.369,mid,high,smooth,neutral,PIKE|2026-07-01|06|1
f-8a06585c66cd,images/test/f-8a06585c66cd.png,test,fish,EDGE_DEVICE,2026-07-23T19:26:39,2026-07-23,19,dusk,no_fish,0,1280,960,114.418,65.280,10.503,mid,high,smooth,neutral,EDGE_DEVICE|2026-07-23|19|2
f-8a6b622d3363,images/test/f-8a6b622d3363.png,test,fish,PIKE,2025-09-20T07:20:13,2025-09-20,7,dawn,fish,1,640,848,138.976,76.948,13.212,mid,high,medium,blue,PIKE|2025-09-20|07|2
f-8bf1ef050b08,images/test/f-8bf1ef050b08.png,test,fish,PIKE,2026-07-01T03:18:13,2026-07-01,3,night,no_fish,0,1024,768,116.368,82.705,8.892,mid,high,smooth,neutral,PIKE|2026-07-01|03|1
f-912decd5688d,images/test/f-912decd5688d.png,test,fish,PIKE,2025-09-20T15:56:23,2025-09-20,15,day,fish,1,640,848,134.154,72.031,13.602,mid,high,medium,blue,PIKE|2025-09-20|15|5
f-91fd78bb405c,images/test/f-91fd78bb405c.png,test,fish,PIKE,2026-07-18T22:27:08,2026-07-18,22,night,fish,1,1280,960,119.023,75.522,11.367,mid,high,smooth,neutral,PIKE|2026-07-18|22|2
f-923a9e3cedbd,images/test/f-923a9e3cedbd.png,test,fish,PIKE,2025-09-20T03:40:17,2025-09-20,3,night,fish,1,640,848,94.639,90.917,8.678,mid,high,smooth,neutral,PIKE|2025-09-20|03|4
f-94cda0ada244,images/test/f-94cda0ada244.png,test,fish,PIKE,2025-06-10T17:45:07,2025-06-10,17,day,fish,1,640,848,120.079,68.428,11.470,mid,high,smooth,neutral,PIKE|2025-06-10|17|4
f-952ba3487b17,images/test/f-952ba3487b17.png,test,fish,PIKE,2025-06-10T18:42:07,2025-06-10,18,dusk,no_fish,0,640,848,131.138,72.031,12.037,mid,high,medium,neutral,PIKE|2025-06-10|18|4
f-97fd473d256c,images/test/f-97fd473d256c.png,test,fish,PIKE,2025-07-04T06:30:23,2025-07-04,6,dawn,fish,2,640,848,125.530,74.302,9.088,mid,high,smooth,neutral,PIKE|2025-07-04|06|3
f-98fe007543f7,images/test/f-98fe007543f7.png,test,hessen,IAHC2407,2026-07-20T18:25:17,2026-07-20,18,dusk,fish,4,1280,720,140.134,62.145,13.729,mid,high,medium,neutral,IAHC2407|2026-07-20|18|2
f-9c864cbaf02b,images/test/f-9c864cbaf02b.png,test,fish,PIKE,2025-06-10T23:56:58,2025-06-10,23,night,fish,1,640,848,87.169,88.459,6.610,mid,high,smooth,neutral,PIKE|2025-06-10|23|5
f-9d5a44d846ca,images/test/f-9d5a44d846ca.png,test,fish,PIKE,2025-09-20T07:17:36,2025-09-20,7,dawn,fish,1,640,848,142.150,80.073,12.730,mid,high,medium,blue,PIKE|2025-09-20|07|1
f-a091d53b5ef8,images/test/f-a091d53b5ef8.png,test,fish,PIKE,2026-02-16T06:25:32,2026-02-16,6,dawn,no_fish,0,768,1024,197.597,64.314,13.398,bright,high,medium,neutral,PIKE|2026-02-16|06|2
f-a1c55f0674d5,images/test/f-a1c55f0674d5.png,test,fish,PIKE,2026-02-16T07:38:49,2026-02-16,7,dawn,no_fish,0,768,1024,154.125,84.323,9.979,mid,high,smooth,neutral,PIKE|2026-02-16|07|3
f-a2d4f59f0e7e,images/test/f-a2d4f59f0e7e.png,test,hessen,IAHC2407,2026-07-20T18:21:33,2026-07-20,18,dusk,fish,4,1280,720,138.543,61.578,14.853,mid,high,medium,neutral,IAHC2407|2026-07-20|18|2
f-a2f601ec7f5a,images/test/f-a2f601ec7f5a.png,test,fish,PIKE,2025-06-14T11:09:52,2025-06-14,11,day,fish,2,640,848,113.061,76.596,11.291,mid,high,smooth,neutral,PIKE|2025-06-14|11|0
f-a3db78eaa710,images/test/f-a3db78eaa710.png,test,fish,PIKE,2025-06-10T17:45:26,2025-06-10,17,day,fish,1,640,848,120.876,69.206,11.474,mid,high,smooth,neutral,PIKE|2025-06-10|17|4
f-a5de213d5104,images/test/f-a5de213d5104.png,test,fish,PIKE,2026-07-01T03:11:25,2026-07-01,3,night,no_fish,0,1024,768,115.812,83.219,9.086,mid,high,smooth,neutral,PIKE|2026-07-01|03|1
f-a810cfb46620,images/test/f-a810cfb46620.png,test,fish,PIKE,2026-02-16T06:27:06,2026-02-16,6,dawn,no_fish,0,768,1024,197.811,64.276,13.352,bright,high,medium,neutral,PIKE|2026-02-16|06|2
f-a96be3eaf59c,images/test/f-a96be3eaf59c.png,test,fish,PIKE,2025-06-10T18:40:32,2025-06-10,18,dusk,fish,1,640,848,131.880,72.101,12.000,mid,high,medium,neutral,PIKE|2025-06-10|18|4
f-a981c121f5c6,images/test/f-a981c121f5c6.png,test,fish,PIKE,2025-06-14T07:48:21,2025-06-14,7,dawn,fish,1,640,848,113.560,71.958,10.905,mid,high,smooth,neutral,PIKE|2025-06-14|07|4
f-ab1afed466f1,images/test/f-ab1afed466f1.png,test,fish,PIKE,2025-09-20T10:32:49,2025-09-20,10,day,fish,1,640,848,143.504,79.958,12.083,mid,high,medium,neutral,PIKE|2025-09-20|10|3
f-abc94ec8f683,images/test/f-abc94ec8f683.png,test,fish,PIKE,2026-02-25T19:34:43,2026-02-25,19,dusk,no_fish,0,768,1024,84.173,71.641,10.634,mid,high,smooth,neutral,PIKE|2026-02-25|19|3
f-ac40d98e0f38,images/test/f-ac40d98e0f38.png,test,fish,PIKE,2025-06-14T07:19:20,2025-06-14,7,dawn,fish,3,640,848,128.500,84.018,11.657,mid,high,smooth,blue,PIKE|2025-06-14|07|1
f-ad30559cc9b2,images/test/f-ad30559cc9b2.png,test,fish,PIKE,2025-06-14T23:18:27,2025-06-14,23,night,fish,1,640,848,83.927,95.383,6.980,mid,high,smooth,neutral,PIKE|2025-06-14|23|1
f-aedbc4a84d7f,images/test/f-aedbc4a84d7f.png,test,fish,PIKE,2025-06-10T23:56:01,2025-06-10,23,night,fish,1,640,848,87.893,89.212,6.540,mid,high,smooth,neutral,PIKE|2025-06-10|23|5
f-b2d6c95be077,images/test/f-b2d6c95be077.png,test,fish,PIKE,2025-09-20T18:11:56,2025-09-20,18,dusk,fish,1,640,848,128.640,81.198,11.697,mid,high,smooth,blue,PIKE|2025-09-20|18|1
f-b31ea8ac1874,images/test/f-b31ea8ac1874.png,test,fish,PIKE,2025-09-20T07:20:29,2025-09-20,7,dawn,fish,1,640,848,137.791,76.506,13.476,mid,high,medium,blue,PIKE|2025-09-20|07|2
f-b383688994f8,images/test/f-b383688994f8.png,test,fish,PIKE,2025-06-10T17:42:28,2025-06-10,17,day,fish,1,640,848,126.725,71.775,11.769,mid,high,smooth,neutral,PIKE|2025-06-10|17|4
f-b395c3b0e4e5,images/test/f-b395c3b0e4e5.png,test,fish,PIKE,2025-09-20T07:19:10,2025-09-20,7,dawn,fish,1,640,848,135.134,74.806,12.947,mid,high,medium,blue,PIKE|2025-09-20|07|1
f-b434e6427a52,images/test/f-b434e6427a52.png,test,fish,PIKE,2026-07-19T10:23:46,2026-07-19,10,day,fish,1,1280,960,115.439,73.431,10.265,mid,high,smooth,neutral,PIKE|2026-07-19|10|2
f-b5ef52da742e,images/test/f-b5ef52da742e.png,test,fish,PIKE,2026-07-18T22:27:21,2026-07-18,22,night,no_fish,0,1280,960,118.273,73.324,11.385,mid,high,smooth,neutral,PIKE|2026-07-18|22|2
f-b7e0306604f3,images/test/f-b7e0306604f3.png,test,fish,PIKE,2026-07-18T22:28:23,2026-07-18,22,night,fish,1,1280,960,116.250,74.158,10.404,mid,high,smooth,neutral,PIKE|2026-07-18|22|2
f-b8fe21d51d1e,images/test/f-b8fe21d51d1e.png,test,fish,PIKE,2026-07-19T10:25:37,2026-07-19,10,day,fish,1,1280,960,115.820,72.970,10.264,mid,high,smooth,neutral,PIKE|2026-07-19|10|2
f-bddca2229f89,images/test/f-bddca2229f89.png,test,fish,PIKE,2026-02-25T10:54:30,2026-02-25,10,day,no_fish,0,768,1024,131.175,77.683,17.455,mid,high,medium,neutral,PIKE|2026-02-25|10|5
f-bee3c8b755ca,images/test/f-bee3c8b755ca.png,test,fish,PIKE,2025-06-10T23:57:46,2025-06-10,23,night,fish,2,640,848,88.395,90.367,6.621,mid,high,smooth,neutral,PIKE|2025-06-10|23|5
f-bf1fd90ee400,images/test/f-bf1fd90ee400.png,test,fish,PIKE,2026-07-01T03:19:04,2026-07-01,3,night,no_fish,0,1024,768,117.784,82.689,8.811,mid,high,smooth,neutral,PIKE|2026-07-01|03|1
f-c6f24dc1add8,images/test/f-c6f24dc1add8.png,test,fish,PIKE,2026-07-01T06:32:08,2026-07-01,6,dawn,no_fish,0,1024,768,117.576,81.303,5.960,mid,high,smooth,neutral,PIKE|2026-07-01|06|3
f-c730c924ca10,images/test/f-c730c924ca10.png,test,fish,PIKE,2026-07-01T18:28:54,2026-07-01,18,dusk,fish,1,1024,768,122.339,76.753,8.018,mid,high,smooth,neutral,PIKE|2026-07-01|18|2
f-c887463f75da,images/test/f-c887463f75da.png,test,fish,PIKE,2025-06-14T07:16:02,2025-06-14,7,dawn,fish,1,640,848,134.724,88.580,11.275,mid,high,smooth,blue,PIKE|2025-06-14|07|1
f-c95e7e94e5a3,images/test/f-c95e7e94e5a3.png,test,fish,PIKE,2026-07-18T22:28:08,2026-07-18,22,night,fish,1,1280,960,116.517,72.509,11.253,mid,high,smooth,neutral,PIKE|2026-07-18|22|2
f-c9a223ccc808,images/test/f-c9a223ccc808.png,test,fish,PIKE,2026-07-19T10:23:48,2026-07-19,10,day,fish,1,1280,960,115.757,74.183,10.122,mid,high,smooth,neutral,PIKE|2026-07-19|10|2
f-cc3869c26108,images/test/f-cc3869c26108.png,test,fish,PIKE,2025-06-14T07:17:04,2025-06-14,7,dawn,fish,1,640,848,137.912,89.153,11.375,mid,high,smooth,blue,PIKE|2025-06-14|07|1
f-ccd9b0f261f0,images/test/f-ccd9b0f261f0.png,test,fish,EDGE_DEVICE,2026-07-23T19:25:13,2026-07-23,19,dusk,no_fish,0,1280,960,114.970,65.400,10.308,mid,high,smooth,blue,EDGE_DEVICE|2026-07-23|19|2
f-cda390e9d0fd,images/test/f-cda390e9d0fd.png,test,fish,PIKE,2026-07-19T10:23:49,2026-07-19,10,day,fish,1,1280,960,115.126,73.519,10.292,mid,high,smooth,neutral,PIKE|2026-07-19|10|2
f-cde14277a257,images/test/f-cde14277a257.png,test,fish,PIKE,2026-07-19T10:24:29,2026-07-19,10,day,no_fish,0,1280,960,115.040,72.909,9.811,mid,high,smooth,neutral,PIKE|2026-07-19|10|2
f-cf9484f92b86,images/test/f-cf9484f92b86.png,test,fish,PIKE,2026-07-18T22:27:53,2026-07-18,22,night,fish,1,1280,960,118.730,73.893,11.046,mid,high,smooth,neutral,PIKE|2026-07-18|22|2
f-d00722f6a34a,images/test/f-d00722f6a34a.png,test,fish,PIKE,2025-06-14T06:18:18,2025-06-14,6,dawn,fish,1,640,848,88.814,92.915,6.924,mid,high,smooth,neutral,PIKE|2025-06-14|06|1
f-d29b8d554f55,images/test/f-d29b8d554f55.png,test,fish,PIKE,2025-06-14T07:45:36,2025-06-14,7,dawn,fish,1,640,848,115.425,73.067,11.095,mid,high,smooth,neutral,PIKE|2025-06-14|07|4
f-d34a041c0954,images/test/f-d34a041c0954.png,test,fish,PIKE,2026-07-01T18:14:24,2026-07-01,18,dusk,fish,1,1024,768,110.601,75.211,8.273,mid,high,smooth,neutral,PIKE|2026-07-01|18|1
f-d34e35996d16,images/test/f-d34e35996d16.png,test,fish,PIKE,2026-07-18T22:27:07,2026-07-18,22,night,fish,1,1280,960,117.908,74.058,11.392,mid,high,smooth,neutral,PIKE|2026-07-18|22|2
f-d3ff148e7936,images/test/f-d3ff148e7936.png,test,fish,PIKE,2026-07-18T22:28:29,2026-07-18,22,night,no_fish,0,1280,960,116.168,73.764,10.808,mid,high,smooth,neutral,PIKE|2026-07-18|22|2
f-d43cfdddfb87,images/test/f-d43cfdddfb87.png,test,fish,PIKE,2026-07-01T03:44:16,2026-07-01,3,night,fish,1,1024,768,112.035,83.792,9.226,mid,high,smooth,neutral,PIKE|2026-07-01|03|4
f-dd16451f1256,images/test/f-dd16451f1256.png,test,fish,PIKE,2026-07-18T22:27:15,2026-07-18,22,night,fish,1,1280,960,118.014,73.248,11.030,mid,high,smooth,neutral,PIKE|2026-07-18|22|2
f-dd9e651f5dc2,images/test/f-dd9e651f5dc2.png,test,fish,PIKE,2026-07-18T22:28:14,2026-07-18,22,night,fish,1,1280,960,117.611,74.662,10.696,mid,high,smooth,neutral,PIKE|2026-07-18|22|2
f-df8150b04627,images/test/f-df8150b04627.png,test,fish,PIKE,2026-07-18T22:27:04,2026-07-18,22,night,fish,1,1280,960,117.994,74.323,10.902,mid,high,smooth,neutral,PIKE|2026-07-18|22|2
f-e1c00b1547cf,images/test/f-e1c00b1547cf.png,test,hessen,IAHC2407,2026-07-20T20:41:56,2026-07-20,20,dusk,fish,7,1280,720,133.083,59.598,17.288,mid,high,medium,neutral,IAHC2407|2026-07-20|20|4
f-e2fca896dd4e,images/test/f-e2fca896dd4e.png,test,fish,PIKE,2025-06-14T10:36:18,2025-06-14,10,day,no_fish,0,640,848,113.851,71.326,11.864,mid,high,smooth,neutral,PIKE|2025-06-14|10|3
f-e374b65fbdcd,images/test/f-e374b65fbdcd.png,test,fish,PIKE,2025-06-14T15:27:01,2025-06-14,15,day,fish,1,640,848,129.489,70.897,13.812,mid,high,medium,neutral,PIKE|2025-06-14|15|2
f-e3f8c03c4f3d,images/test/f-e3f8c03c4f3d.png,test,hessen,IAHC2407,2026-07-20T20:20:23,2026-07-20,20,dusk,fish,5,1280,720,141.436,60.741,17.714,mid,high,medium,neutral,IAHC2407|2026-07-20|20|2
f-e47a23b8c69d,images/test/f-e47a23b8c69d.png,test,fish,PIKE,2026-07-01T11:22:28,2026-07-01,11,day,no_fish,0,1024,768,121.069,82.989,5.968,mid,high,smooth,neutral,PIKE|2026-07-01|11|2
f-e75e917b7bac,images/test/f-e75e917b7bac.png,test,fish,PIKE,2026-07-18T22:28:16,2026-07-18,22,night,fish,1,1280,960,116.972,74.841,10.709,mid,high,smooth,neutral,PIKE|2026-07-18|22|2
f-eb48de3570db,images/test/f-eb48de3570db.png,test,fish,PIKE,2026-07-18T22:25:47,2026-07-18,22,night,no_fish,0,1280,960,113.342,74.318,11.057,mid,high,smooth,neutral,PIKE|2026-07-18|22|2
f-ec673acb5ac7,images/test/f-ec673acb5ac7.png,test,fish,PIKE,2026-07-01T18:22:15,2026-07-01,18,dusk,fish,1,1024,768,121.219,76.857,8.338,mid,high,smooth,neutral,PIKE|2026-07-01|18|2
f-ec89c9da2beb,images/test/f-ec89c9da2beb.png,test,fish,PIKE,2025-06-10T17:46:36,2025-06-10,17,day,fish,1,640,848,121.377,69.559,11.615,mid,high,smooth,neutral,PIKE|2025-06-10|17|4
f-ed9e33a4099a,images/test/f-ed9e33a4099a.png,test,fish,PIKE,2025-09-20T18:16:23,2025-09-20,18,dusk,fish,1,640,848,123.954,80.099,11.704,mid,high,smooth,blue,PIKE|2025-09-20|18|1
f-edd0b84ea824,images/test/f-edd0b84ea824.png,test,fish,EDGE_DEVICE,2026-07-23T19:27:10,2026-07-23,19,dusk,fish,1,1280,960,113.700,65.818,10.429,mid,high,smooth,neutral,EDGE_DEVICE|2026-07-23|19|2
f-edd3a46635a8,images/test/f-edd3a46635a8.png,test,fish,PIKE,2026-07-01T07:11:40,2026-07-01,7,dawn,fish,1,1024,768,115.877,80.794,6.208,mid,high,smooth,neutral,PIKE|2026-07-01|07|1
f-eeac554af5ac,images/test/f-eeac554af5ac.png,test,fish,PIKE,2026-07-01T18:50:53,2026-07-01,18,dusk,fish,1,1024,768,114.341,76.576,8.357,mid,high,smooth,neutral,PIKE|2026-07-01|18|5
f-ef6a0fb0e806,images/test/f-ef6a0fb0e806.png,test,fish,PIKE,2025-06-10T17:46:40,2025-06-10,17,day,fish,1,640,848,121.060,69.853,12.122,mid,high,medium,neutral,PIKE|2025-06-10|17|4
f-f1c95552750d,images/test/f-f1c95552750d.png,test,fish,PIKE,2026-07-01T10:51:09,2026-07-01,10,day,no_fish,0,1024,768,121.763,84.653,6.309,mid,high,smooth,neutral,PIKE|2026-07-01|10|5
f-f1e1e1bf15ba,images/test/f-f1e1e1bf15ba.png,test,fish,PIKE,2025-09-20T07:20:19,2025-09-20,7,dawn,fish,1,640,848,139.093,76.739,13.303,mid,high,medium,blue,PIKE|2025-09-20|07|2
f-f2933dba72d3,images/test/f-f2933dba72d3.png,test,fish,PIKE,2026-07-01T18:24:41,2026-07-01,18,dusk,fish,1,1024,768,122.993,76.629,8.171,mid,high,smooth,neutral,PIKE|2026-07-01|18|2
f-f31ffe5e8bbc,images/test/f-f31ffe5e8bbc.png,test,fish,PIKE,2026-07-19T10:24:20,2026-07-19,10,day,no_fish,0,1280,960,117.017,73.775,10.349,mid,high,smooth,neutral,PIKE|2026-07-19|10|2
f-f485e9f7b818,images/test/f-f485e9f7b818.png,test,fish,PIKE,2026-07-18T22:27:22,2026-07-18,22,night,no_fish,0,1280,960,119.576,74.935,11.371,mid,high,smooth,neutral,PIKE|2026-07-18|22|2
f-f5f9f4ca913c,images/test/f-f5f9f4ca913c.png,test,fish,PIKE,2026-02-16T08:31:09,2026-02-16,8,dawn,no_fish,0,768,1024,148.664,88.866,8.709,mid,high,smooth,neutral,PIKE|2026-02-16|08|3
f-f64ac6949acf,images/test/f-f64ac6949acf.png,test,fish,PIKE,2025-09-20T07:23:19,2025-09-20,7,dawn,fish,1,640,848,139.274,76.604,13.368,mid,high,medium,blue,PIKE|2025-09-20|07|2
f-f6d0cdf1c602,images/test/f-f6d0cdf1c602.png,test,hessen,IAHC2407,2026-07-20T18:49:45,2026-07-20,18,dusk,fish,2,1280,720,123.733,53.740,11.865,mid,medium,smooth,neutral,IAHC2407|2026-07-20|18|4
f-f72b31244f57,images/test/f-f72b31244f57.png,test,fish,PIKE,2025-09-20T03:41:55,2025-09-20,3,night,fish,2,640,848,94.765,91.096,8.625,mid,high,smooth,neutral,PIKE|2025-09-20|03|4
f-f8be0c9a8617,images/test/f-f8be0c9a8617.png,test,fish,PIKE,2026-07-01T18:51:18,2026-07-01,18,dusk,fish,1,1024,768,117.335,76.471,8.125,mid,high,smooth,neutral,PIKE|2026-07-01|18|5
f-f92d2dac795d,images/test/f-f92d2dac795d.png,test,fish,PIKE,2026-07-18T22:28:13,2026-07-18,22,night,fish,1,1280,960,117.218,74.307,10.926,mid,high,smooth,neutral,PIKE|2026-07-18|22|2
f-fd7365b29f3c,images/test/f-fd7365b29f3c.png,test,fish,PIKE,2026-02-25T19:34:49,2026-02-25,19,dusk,no_fish,0,768,1024,84.272,71.693,10.780,mid,high,smooth,neutral,PIKE|2026-02-25|19|3
f-fdfddf87898a,images/test/f-fdfddf87898a.png,test,fish,PIKE,2025-06-10T23:58:44,2025-06-10,23,night,fish,1,640,848,86.464,87.179,6.455,mid,high,smooth,neutral,PIKE|2025-06-10|23|5
f-fe131c7a1f98,images/test/f-fe131c7a1f98.png,test,fish,EDGE_DEVICE,2026-07-24T08:22:23,2026-07-24,8,dawn,fish,2,1280,960,122.551,70.934,9.274,mid,high,smooth,neutral,EDGE_DEVICE|2026-07-24|08|2
f-002c5a72feef,images/train/f-002c5a72feef.png,train,fish,PIKE,2025-06-14T07:33:11,2025-06-14,7,dawn,fish,1,640,848,130.120,80.454,11.673,mid,high,smooth,neutral,PIKE|2025-06-14|07|3
f-005911d2f285,images/train/f-005911d2f285.png,train,fish,PIKE,2026-02-25T19:00:47,2026-02-25,19,dusk,no_fish,0,768,1024,85.273,71.618,10.962,mid,high,smooth,neutral,PIKE|2026-02-25|19|0
f-011831bee917,images/train/f-011831bee917.png,train,fish,PIKE,2025-07-04T01:49:04,2025-07-04,1,night,fish,1,640,848,92.201,86.293,8.051,mid,high,smooth,neutral,PIKE|2025-07-04|01|4
f-01308e7fc378,images/train/f-01308e7fc378.png,train,fish,PIKE,2026-02-16T06:18:30,2026-02-16,6,dawn,no_fish,0,768,1024,197.798,64.033,13.357,bright,high,medium,neutral,PIKE|2026-02-16|06|1
f-0169e05d1d69,images/train/f-0169e05d1d69.png,train,fish,PIKE,2026-07-01T06:44:20,2026-07-01,6,dawn,fish,1,1024,768,120.213,85.365,6.069,mid,high,smooth,neutral,PIKE|2026-07-01|06|4
f-01ecbd6e0c4a,images/train/f-01ecbd6e0c4a.png,train,fish,PIKE,2026-07-01T07:02:11,2026-07-01,7,dawn,no_fish,0,1024,768,111.099,80.754,5.870,mid,high,smooth,neutral,PIKE|2026-07-01|07|0
f-02a2617e41e8,images/train/f-02a2617e41e8.png,train,fish,PIKE,2026-07-20T12:37:10,2026-07-20,12,day,fish,5,1280,720,135.644,55.943,14.235,mid,high,medium,neutral,PIKE|2026-07-20|12|3
f-02d54197502f,images/train/f-02d54197502f.png,train,fish,PIKE,2025-06-10T23:26:02,2025-06-10,23,night,fish,1,640,848,89.068,91.043,6.430,mid,high,smooth,neutral,PIKE|2025-06-10|23|2
f-02ebf28ab1b3,images/train/f-02ebf28ab1b3.png,train,fish,PIKE,2025-07-04T02:00:22,2025-07-04,2,night,fish,1,640,848,90.815,84.918,7.927,mid,high,smooth,neutral,PIKE|2025-07-04|02|0
f-038d346ef17f,images/train/f-038d346ef17f.png,train,fish,PIKE,2026-07-01T09:42:12,2026-07-01,9,day,fish,1,1024,768,111.723,79.372,7.669,mid,high,smooth,neutral,PIKE|2026-07-01|09|4
f-03b203fbd162,images/train/f-03b203fbd162.png,train,fish,PIKE,2025-06-14T08:10:25,2025-06-14,8,dawn,fish,3,640,848,109.815,76.510,11.412,mid,high,smooth,neutral,PIKE|2025-06-14|08|1
f-04614c6105b9,images/train/f-04614c6105b9.png,train,fish,PIKE,2026-02-16T09:11:14,2026-02-16,9,day,no_fish,0,768,1024,123.541,80.654,8.328,mid,high,smooth,neutral,PIKE|2026-02-16|09|1
f-04bf38c88416,images/train/f-04bf38c88416.png,train,fish,PIKE,2025-06-14T09:13:35,2025-06-14,9,day,fish,2,640,848,114.308,68.992,11.954,mid,high,smooth,neutral,PIKE|2025-06-14|09|1
f-0509ff2a8362,images/train/f-0509ff2a8362.png,train,fish,PIKE,2025-06-14T21:43:29,2025-06-14,21,night,fish,1,640,848,127.420,79.518,11.915,mid,high,smooth,neutral,PIKE|2025-06-14|21|4
f-056ba5885696,images/train/f-056ba5885696.png,train,hessen,IAHC2407,2026-07-20T20:09:49,2026-07-20,20,dusk,fish,2,1280,720,139.867,61.348,17.403,mid,high,medium,neutral,IAHC2407|2026-07-20|20|0
f-057f4568683f,images/train/f-057f4568683f.png,train,fish,PIKE,2025-09-20T06:59:05,2025-09-20,6,dawn,fish,1,640,848,135.736,77.631,12.882,mid,high,medium,blue,PIKE|2025-09-20|06|5
f-058fd0c2831e,images/train/f-058fd0c2831e.png,train,fish,PIKE,2025-06-10T22:39:33,2025-06-10,22,night,fish,1,640,848,88.482,86.516,6.697,mid,high,smooth,neutral,PIKE|2025-06-10|22|3
f-05d1d6315124,images/train/f-05d1d6315124.png,train,fish,PIKE,2026-07-01T06:44:27,2026-07-01,6,dawn,fish,1,1024,768,122.134,85.076,6.024,mid,high,smooth,neutral,PIKE|2026-07-01|06|4
f-060e8d745915,images/train/f-060e8d745915.png,train,fish,PIKE,2025-07-04T08:52:59,2025-07-04,8,dawn,fish,1,640,848,121.673,73.494,9.180,mid,high,smooth,neutral,PIKE|2025-07-04|08|5
f-068f0e9d4fc1,images/train/f-068f0e9d4fc1.png,train,fish,PIKE,2025-09-20T19:30:48,2025-09-20,19,dusk,fish,1,640,848,94.535,91.479,8.574,mid,high,smooth,neutral,PIKE|2025-09-20|19|3
f-06adceb04790,images/train/f-06adceb04790.png,train,fish,PIKE,2025-06-14T20:21:29,2025-06-14,20,dusk,fish,1,640,848,125.269,71.220,13.075,mid,high,medium,neutral,PIKE|2025-06-14|20|2
f-0710ddedb57a,images/train/f-0710ddedb57a.png,train,fish,PIKE,2026-07-20T12:23:24,2026-07-20,12,day,fish,3,1280,720,141.698,54.475,15.496,mid,medium,medium,neutral,PIKE|2026-07-20|12|2
f-0787a06ea47a,images/train/f-0787a06ea47a.png,train,fish,PIKE,2025-06-12T06:28:00,2025-06-12,6,dawn,fish,1,640,848,100.082,87.753,7.458,mid,high,smooth,blue,PIKE|2025-06-12|06|2
f-083a5271a77c,images/train/f-083a5271a77c.png,train,fish,PIKE,2025-06-14T20:08:44,2025-06-14,20,dusk,fish,1,640,848,128.001,72.239,12.763,mid,high,medium,neutral,PIKE|2025-06-14|20|0
f-08574f2d40fe,images/train/f-08574f2d40fe.png,train,fish,PIKE,2025-09-20T19:32:05,2025-09-20,19,dusk,fish,1,640,848,94.617,91.143,8.622,mid,high,smooth,neutral,PIKE|2025-09-20|19|3
f-0876ee7e9adf,images/train/f-0876ee7e9adf.png,train,fish,PIKE,2025-07-04T01:41:08,2025-07-04,1,night,fish,3,640,848,92.534,86.629,8.013,mid,high,smooth,neutral,PIKE|2025-07-04|01|4
f-08a9999429ef,images/train/f-08a9999429ef.png,train,fish,PIKE,2026-02-25T09:36:22,2026-02-25,9,day,no_fish,0,768,1024,134.420,78.228,16.988,mid,high,medium,neutral,PIKE|2026-02-25|09|3
f-08bc7acc9a56,images/train/f-08bc7acc9a56.png,train,fish,PIKE,2026-07-01T06:42:51,2026-07-01,6,dawn,fish,1,1024,768,116.263,83.191,5.984,mid,high,smooth,neutral,PIKE|2026-07-01|06|4
f-08bedc9dc832,images/train/f-08bedc9dc832.png,train,fish,PIKE,2025-06-10T19:09:36,2025-06-10,19,dusk,no_fish,0,640,848,128.341,71.896,11.947,mid,high,smooth,neutral,PIKE|2025-06-10|19|0
f-08f10e26dcc7,images/train/f-08f10e26dcc7.png,train,fish,PIKE,2025-06-12T06:28:00,2025-06-12,6,dawn,fish,1,640,848,100.037,88.512,7.635,mid,high,smooth,blue,PIKE|2025-06-12|06|2
f-09106ad4cfae,images/train/f-09106ad4cfae.png,train,fish,PIKE,2025-09-20T05:26:09,2025-09-20,5,night,fish,2,640,848,94.421,90.601,8.325,mid,high,smooth,neutral,PIKE|2025-09-20|05|2
f-09256e4b685f,images/train/f-09256e4b685f.png,train,fish,PIKE,2025-06-10T20:40:06,2025-06-10,20,dusk,fish,1,640,848,122.069,70.268,11.530,mid,high,smooth,neutral,PIKE|2025-06-10|20|4
f-095bbb8dad49,images/train/f-095bbb8dad49.png,train,fish,PIKE,2025-09-20T21:50:17,2025-09-20,21,night,no_fish,0,640,848,95.432,89.568,8.418,mid,high,smooth,neutral,PIKE|2025-09-20|21|5
f-09a5bd9d16c0,images/train/f-09a5bd9d16c0.png,train,fish,PIKE,2025-06-14T03:01:40,2025-06-14,3,night,fish,1,640,848,85.048,96.527,6.735,mid,high,smooth,neutral,PIKE|2025-06-14|03|0
f-09a5c6a993c2,images/train/f-09a5c6a993c2.png,train,fish,PIKE,2025-09-20T19:12:59,2025-09-20,19,dusk,fish,1,640,848,94.244,91.327,8.528,mid,high,smooth,neutral,PIKE|2025-09-20|19|1
f-09b1757d6abd,images/train/f-09b1757d6abd.png,train,fish,PIKE,2025-06-14T03:10:43,2025-06-14,3,night,fish,1,640,848,85.157,96.632,6.846,mid,high,smooth,neutral,PIKE|2025-06-14|03|1
f-0a35fa7460d4,images/train/f-0a35fa7460d4.png,train,fish,PIKE,2025-06-10T19:08:50,2025-06-10,19,dusk,no_fish,0,640,848,128.957,71.893,11.897,mid,high,smooth,neutral,PIKE|2025-06-10|19|0
f-0a83196b942d,images/train/f-0a83196b942d.png,train,fish,PIKE,2025-06-14T20:07:55,2025-06-14,20,dusk,fish,1,640,848,127.978,71.661,12.418,mid,high,medium,neutral,PIKE|2025-06-14|20|0
f-0a8d9baea8e4,images/train/f-0a8d9baea8e4.png,train,fish,PIKE,2025-06-14T20:57:17,2025-06-14,20,dusk,no_fish,0,640,848,121.678,71.715,11.892,mid,high,smooth,neutral,PIKE|2025-06-14|20|5
f-0a9c348f5cd7,images/train/f-0a9c348f5cd7.png,train,fish,PIKE,2025-09-20T06:39:08,2025-09-20,6,dawn,fish,1,640,848,136.917,80.265,11.853,mid,high,smooth,blue,PIKE|2025-09-20|06|3
f-0ac84c022235,images/train/f-0ac84c022235.png,train,fish,PIKE,2025-07-04T11:59:10,2025-07-04,11,day,fish,1,640,848,162.851,78.915,10.525,bright,high,smooth,neutral,PIKE|2025-07-04|11|5
f-0ad941430eba,images/train/f-0ad941430eba.png,train,fish,PIKE,2025-06-10T23:11:02,2025-06-10,23,night,fish,1,640,848,89.597,91.710,6.413,mid,high,smooth,neutral,PIKE|2025-06-10|23|1
f-0b052948e3f9,images/train/f-0b052948e3f9.png,train,fish,PIKE,2026-07-01T12:41:49,2026-07-01,12,day,fish,1,1024,768,115.486,80.172,5.985,mid,high,smooth,neutral,PIKE|2026-07-01|12|4
f-0b3155678b18,images/train/f-0b3155678b18.png,train,fish,PIKE,2025-06-14T21:05:54,2025-06-14,21,night,no_fish,0,640,848,124.046,72.356,12.136,mid,high,medium,neutral,PIKE|2025-06-14|21|0
f-0b8e5809d22c,images/train/f-0b8e5809d22c.png,train,fish,PIKE,2026-07-20T12:23:26,2026-07-20,12,day,fish,10,1280,720,144.171,55.923,14.573,mid,high,medium,neutral,PIKE|2026-07-20|12|2
f-0bb30dd68c4f,images/train/f-0bb30dd68c4f.png,train,fish,PIKE,2025-06-14T11:57:00,2025-06-14,11,day,no_fish,0,640,848,107.068,84.113,11.740,mid,high,smooth,neutral,PIKE|2025-06-14|11|5
f-0bf3a72c5b01,images/train/f-0bf3a72c5b01.png,train,fish,PIKE,2025-09-20T05:24:00,2025-09-20,5,night,fish,1,640,848,94.213,90.261,8.177,mid,high,smooth,neutral,PIKE|2025-09-20|05|2
f-0c0ef4908257,images/train/f-0c0ef4908257.png,train,fish,PIKE,2026-02-16T18:05:31,2026-02-16,18,dusk,no_fish,0,768,1024,201.705,76.096,12.095,bright,high,medium,neutral,PIKE|2026-02-16|18|0
f-0c35dac35c3f,images/train/f-0c35dac35c3f.png,train,fish,PIKE,2025-07-04T11:56:07,2025-07-04,11,day,fish,1,640,848,185.294,84.379,11.468,bright,high,smooth,neutral,PIKE|2025-07-04|11|5
f-0c57f1317306,images/train/f-0c57f1317306.png,train,fish,PIKE,2025-06-10T20:16:17,2025-06-10,20,dusk,fish,1,640,848,132.079,75.385,11.489,mid,high,smooth,neutral,PIKE|2025-06-10|20|1
f-0d2e6b8e773a,images/train/f-0d2e6b8e773a.png,train,fish,PIKE,2025-06-14T10:23:51,2025-06-14,10,day,fish,1,640,848,112.436,69.914,11.888,mid,high,smooth,neutral,PIKE|2025-06-14|10|2
f-0e160cc82a8a,images/train/f-0e160cc82a8a.png,train,fish,PIKE,2025-06-14T11:15:23,2025-06-14,11,day,fish,1,640,848,114.378,79.753,11.294,mid,high,smooth,neutral,PIKE|2025-06-14|11|1
f-0eac9c2bce26,images/train/f-0eac9c2bce26.png,train,fish,PIKE,2025-06-10T15:56:22,2025-06-10,15,day,no_fish,0,640,848,123.918,65.551,9.938,mid,high,smooth,neutral,PIKE|2025-06-10|15|5
f-0f170ae79138,images/train/f-0f170ae79138.png,train,fish,PIKE,2025-09-20T03:13:37,2025-09-20,3,night,fish,1,640,848,94.191,90.836,8.567,mid,high,smooth,neutral,PIKE|2025-09-20|03|1
f-0f214e815ecd,images/train/f-0f214e815ecd.png,train,fish,PIKE,2025-06-10T20:09:53,2025-06-10,20,dusk,fish,1,640,848,130.734,74.153,12.191,mid,high,medium,neutral,PIKE|2025-06-10|20|0
f-0f5d84a3a6f4,images/train/f-0f5d84a3a6f4.png,train,fish,PIKE,2026-07-20T10:39:29,2026-07-20,10,day,fish,2,1280,960,117.080,70.917,10.228,mid,high,smooth,neutral,PIKE|2026-07-20|10|3
f-0f958fd19338,images/train/f-0f958fd19338.png,train,fish,PIKE,2025-06-10T18:58:47,2025-06-10,18,dusk,no_fish,0,640,848,131.862,73.423,11.858,mid,high,smooth,neutral,PIKE|2025-06-10|18|5
f-0fdb2af92a0a,images/train/f-0fdb2af92a0a.png,train,fish,PIKE,2025-09-20T15:03:33,2025-09-20,15,day,fish,1,640,848,137.879,72.127,14.276,mid,high,medium,blue,PIKE|2025-09-20|15|0
f-0fe70c87a5af,images/train/f-0fe70c87a5af.png,train,fish,PIKE,2025-06-14T09:04:32,2025-06-14,9,day,fish,1,640,848,117.883,73.927,11.620,mid,high,smooth,neutral,PIKE|2025-06-14|09|0
f-104c775f6d92,images/train/f-104c775f6d92.png,train,fish,PIKE,2026-07-20T12:23:17,2026-07-20,12,day,fish,8,1280,720,129.551,51.737,14.342,mid,medium,medium,neutral,PIKE|2026-07-20|12|2
f-104fa62d18f8,images/train/f-104fa62d18f8.png,train,fish,PIKE,2025-06-14T21:03:58,2025-06-14,21,night,no_fish,0,640,848,119.979,70.389,12.064,mid,high,medium,neutral,PIKE|2025-06-14|21|0
f-10ac8b0a50f9,images/train/f-10ac8b0a50f9.png,train,fish,PIKE,2026-02-25T17:21:52,2026-02-25,17,day,no_fish,0,768,1024,129.622,69.423,10.551,mid,high,smooth,blue,PIKE|2026-02-25|17|2
f-10e8054729b0,images/train/f-10e8054729b0.png,train,fish,PIKE,2025-09-20T16:27:56,2025-09-20,16,day,no_fish,0,640,848,129.699,69.826,13.123,mid,high,medium,blue,PIKE|2025-09-20|16|2
f-117139871365,images/train/f-117139871365.png,train,fish,PIKE,2025-06-14T11:28:03,2025-06-14,11,day,fish,2,640,848,109.343,77.127,11.162,mid,high,smooth,neutral,PIKE|2025-06-14|11|2
f-1181afada931,images/train/f-1181afada931.png,train,fish,PIKE,2026-07-19T07:21:33,2026-07-19,7,dawn,no_fish,0,1280,960,124.043,73.346,10.779,mid,high,smooth,neutral,PIKE|2026-07-19|07|2
f-125be7aebaa5,images/train/f-125be7aebaa5.png,train,fish,PIKE,2025-09-20T10:16:53,2025-09-20,10,day,fish,1,640,848,124.611,72.220,11.933,mid,high,smooth,neutral,PIKE|2025-09-20|10|1
f-1269b9d0669d,images/train/f-1269b9d0669d.png,train,fish,PIKE,2025-06-14T07:27:37,2025-06-14,7,dawn,fish,1,640,848,133.757,82.852,11.661,mid,high,smooth,blue,PIKE|2025-06-14|07|2
f-128e5fd1f724,images/train/f-128e5fd1f724.png,train,fish,PIKE,2026-07-01T19:14:16,2026-07-01,19,dusk,fish,1,1024,768,120.120,76.567,8.710,mid,high,smooth,neutral,PIKE|2026-07-01|19|1
f-1320700a0454,images/train/f-1320700a0454.png,train,fish,PIKE,2025-06-10T17:57:07,2025-06-10,17,day,fish,1,640,848,116.585,67.463,11.330,mid,high,smooth,neutral,PIKE|2025-06-10|17|5
f-138444b188b9,images/train/f-138444b188b9.png,train,fish,PIKE,2025-06-14T20:26:32,2025-06-14,20,dusk,fish,1,640,848,124.325,69.818,12.428,mid,high,medium,neutral,PIKE|2025-06-14|20|2
f-138b315bb810,images/train/f-138b315bb810.png,train,fish,PIKE,2025-09-20T10:52:45,2025-09-20,10,day,fish,1,640,848,132.355,72.635,13.035,mid,high,medium,neutral,PIKE|2025-09-20|10|5
f-13c479fbd2b2,images/train/f-13c479fbd2b2.png,train,fish,PIKE,2025-06-12T02:56:57,2025-06-12,2,night,fish,1,640,848,85.597,92.517,6.300,mid,high,smooth,neutral,PIKE|2025-06-12|02|5
f-1405dff9d66d,images/train/f-1405dff9d66d.png,train,fish,PIKE,2025-06-14T20:04:46,2025-06-14,20,dusk,fish,3,640,848,128.716,71.741,12.691,mid,high,medium,neutral,PIKE|2025-06-14|20|0
f-146a062b7644,images/train/f-146a062b7644.png,train,fish,PIKE,2025-07-04T08:43:21,2025-07-04,8,dawn,fish,1,640,848,125.130,74.904,9.273,mid,high,smooth,neutral,PIKE|2025-07-04|08|4
f-148c4a7dbfc4,images/train/f-148c4a7dbfc4.png,train,fish,PIKE,2025-06-14T09:20:03,2025-06-14,9,day,fish,2,640,848,120.056,72.590,12.096,mid,high,medium,neutral,PIKE|2025-06-14|09|2
f-14e3c01ce7ec,images/train/f-14e3c01ce7ec.png,train,fish,PIKE,2025-06-14T11:14:02,2025-06-14,11,day,fish,1,640,848,110.298,76.822,11.153,mid,high,smooth,neutral,PIKE|2025-06-14|11|1
f-15603dcd67c9,images/train/f-15603dcd67c9.png,train,fish,PIKE,2025-06-14T10:06:32,2025-06-14,10,day,no_fish,0,640,848,115.202,69.195,11.987,mid,high,smooth,neutral,PIKE|2025-06-14|10|0
f-15f5dfb886ed,images/train/f-15f5dfb886ed.png,train,fish,PIKE,2025-06-12T05:55:00,2025-06-12,5,night,fish,1,640,848,87.046,93.091,6.537,mid,high,smooth,neutral,PIKE|2025-06-12|05|5
f-161dd7e41c07,images/train/f-161dd7e41c07.png,train,fish,EDGE_DEVICE,2026-07-24T07:56:31,2026-07-24,7,dawn,no_fish,0,1280,960,124.114,69.687,8.236,mid,high,smooth,neutral,EDGE_DEVICE|2026-07-24|07|5
f-16571fd8c781,images/train/f-16571fd8c781.png,train,hessen,IAHC2407,2026-07-20T20:12:22,2026-07-20,20,dusk,fish,2,1280,720,135.630,60.331,17.038,mid,high,medium,neutral,IAHC2407|2026-07-20|20|1
f-166d62db4f5e,images/train/f-166d62db4f5e.png,train,fish,PIKE,2025-09-20T15:47:30,2025-09-20,15,day,fish,1,640,848,130.847,72.217,13.217,mid,high,medium,blue,PIKE|2025-09-20|15|4
f-16cc3ed17ca0,images/train/f-16cc3ed17ca0.png,train,fish,PIKE,2026-02-16T11:37:54,2026-02-16,11,day,no_fish,0,768,1024,130.344,79.591,8.321,mid,high,smooth,neutral,PIKE|2026-02-16|11|3
f-17a520b00bee,images/train/f-17a520b00bee.png,train,fish,PIKE,2025-09-20T10:04:57,2025-09-20,10,day,fish,1,640,848,136.915,79.027,12.316,mid,high,medium,neutral,PIKE|2025-09-20|10|0
f-17c79c34a91d,images/train/f-17c79c34a91d.png,train,fish,PIKE,2025-09-20T04:21:23,2025-09-20,4,night,fish,2,640,848,94.245,91.271,8.318,mid,high,smooth,neutral,PIKE|2025-09-20|04|2
f-17d8a9397750,images/train/f-17d8a9397750.png,train,fish,PIKE,2025-06-12T06:41:38,2025-06-12,6,dawn,fish,1,640,848,122.732,89.418,9.164,mid,high,smooth,neutral,PIKE|2025-06-12|06|4
f-17d9c925002f,images/train/f-17d9c925002f.png,train,fish,PIKE,2025-06-14T18:40:33,2025-06-14,18,dusk,fish,1,640,848,139.803,80.537,12.746,mid,high,medium,neutral,PIKE|2025-06-14|18|4
f-17ec3e34d8fe,images/train/f-17ec3e34d8fe.png,train,fish,PIKE,2025-09-20T15:44:07,2025-09-20,15,day,fish,1,640,848,132.095,71.756,13.125,mid,high,medium,blue,PIKE|2025-09-20|15|4
f-17ee6b32d153,images/train/f-17ee6b32d153.png,train,fish,PIKE,2025-07-04T03:18:48,2025-07-04,3,night,fish,3,640,848,92.147,84.620,8.173,mid,high,smooth,neutral,PIKE|2025-07-04|03|1
f-181d7906ab92,images/train/f-181d7906ab92.png,train,fish,PIKE,2025-07-04T02:46:54,2025-07-04,2,night,fish,4,640,848,89.127,82.128,7.938,mid,high,smooth,neutral,PIKE|2025-07-04|02|4
f-1866987b8ac9,images/train/f-1866987b8ac9.png,train,fish,PIKE,2026-02-16T11:10:18,2026-02-16,11,day,no_fish,0,768,1024,131.996,79.700,8.355,mid,high,smooth,neutral,PIKE|2026-02-16|11|1
f-195df3e7178c,images/train/f-195df3e7178c.png,train,fish,PIKE,2026-07-20T12:31:01,2026-07-20,12,day,fish,1,1280,960,124.222,69.012,10.122,mid,high,smooth,neutral,PIKE|2026-07-20|12|3
f-1a32d36cb2bc,images/train/f-1a32d36cb2bc.png,train,fish,PIKE,2026-02-16T21:37:33,2026-02-16,21,night,no_fish,0,768,1024,160.881,74.167,13.432,bright,high,medium,neutral,PIKE|2026-02-16|21|3
f-1a8885e1e471,images/train/f-1a8885e1e471.png,train,fish,PIKE,2026-07-01T06:23:51,2026-07-01,6,dawn,fish,2,1024,768,109.672,81.663,5.822,mid,high,smooth,neutral,PIKE|2026-07-01|06|2
f-1aa571ef9dcd,images/train/f-1aa571ef9dcd.png,train,fish,PIKE,2026-07-01T00:30:00,2026-07-01,0,night,fish,1,1024,768,113.041,83.110,10.601,mid,high,smooth,neutral,PIKE|2026-07-01|00|3
f-1b38ed95c976,images/train/f-1b38ed95c976.png,train,fish,PIKE,2025-07-04T10:02:16,2025-07-04,10,day,fish,1,640,848,134.870,78.432,9.592,mid,high,smooth,neutral,PIKE|2025-07-04|10|0
f-1c29c5338a68,images/train/f-1c29c5338a68.png,train,fish,EDGE_DEVICE,2026-07-23T20:08:17,2026-07-23,20,dusk,fish,1,1280,960,117.897,65.994,10.327,mid,high,smooth,neutral,EDGE_DEVICE|2026-07-23|20|0
f-1ca9fabef44c,images/train/f-1ca9fabef44c.png,train,fish,PIKE,2025-06-14T18:02:10,2025-06-14,18,dusk,no_fish,0,640,848,128.649,75.759,12.162,mid,high,medium,neutral,PIKE|2025-06-14|18|0
f-1d2d92b66659,images/train/f-1d2d92b66659.png,train,fish,PIKE,2025-06-14T06:44:04,2025-06-14,6,dawn,fish,1,640,848,108.608,87.418,9.089,mid,high,smooth,blue,PIKE|2025-06-14|06|4
f-1d824aaa0275,images/train/f-1d824aaa0275.png,train,fish,PIKE,2026-07-20T12:31:00,2026-07-20,12,day,fish,1,1280,960,125.230,69.059,10.108,mid,high,smooth,neutral,PIKE|2026-07-20|12|3
f-1dce236abe45,images/train/f-1dce236abe45.png,train,fish,PIKE,2026-02-25T10:00:06,2026-02-25,10,day,no_fish,0,768,1024,130.128,77.522,17.213,mid,high,medium,neutral,PIKE|2026-02-25|10|0
f-1deb6fb2bcc8,images/train/f-1deb6fb2bcc8.png,train,fish,PIKE,2026-07-01T16:03:55,2026-07-01,16,day,no_fish,0,1024,768,118.687,77.834,6.621,mid,high,smooth,neutral,PIKE|2026-07-01|16|0
f-1e969387aea6,images/train/f-1e969387aea6.png,train,fish,PIKE,2026-07-19T10:33:47,2026-07-19,10,day,fish,1,1280,960,116.302,73.506,10.938,mid,high,smooth,neutral,PIKE|2026-07-19|10|3
f-1ec2f853c4bd,images/train/f-1ec2f853c4bd.png,train,fish,PIKE,2026-07-20T10:39:30,2026-07-20,10,day,fish,2,1280,960,116.187,70.085,10.624,mid,high,smooth,neutral,PIKE|2026-07-20|10|3
f-1f345cc478b9,images/train/f-1f345cc478b9.png,train,fish,PIKE,2025-06-14T23:22:32,2025-06-14,23,night,fish,1,640,848,83.723,95.219,6.755,mid,high,smooth,neutral,PIKE|2025-06-14|23|2
f-2009ca79a4ed,images/train/f-2009ca79a4ed.png,train,fish,PIKE,2025-06-10T19:14:52,2025-06-10,19,dusk,fish,1,640,848,131.942,72.694,12.889,mid,high,medium,neutral,PIKE|2025-06-10|19|1
f-20b500601d45,images/train/f-20b500601d45.png,train,fish,PIKE,2025-09-20T20:49:36,2025-09-20,20,dusk,fish,1,640,848,97.631,92.105,8.570,mid,high,smooth,neutral,PIKE|2025-09-20|20|4
f-21024585194c,images/train/f-21024585194c.png,train,fish,PIKE,2025-06-14T11:10:32,2025-06-14,11,day,fish,1,640,848,110.356,76.409,11.582,mid,high,smooth,neutral,PIKE|2025-06-14|11|1
f-218ad4d7cd1d,images/train/f-218ad4d7cd1d.png,train,fish,EDGE_DEVICE,2026-07-23T19:52:47,2026-07-23,19,dusk,fish,1,1280,960,120.069,66.807,10.834,mid,high,smooth,neutral,EDGE_DEVICE|2026-07-23|19|5
f-2207d75af815,images/train/f-2207d75af815.png,train,fish,PIKE,2026-07-01T09:52:30,2026-07-01,9,day,fish,1,1024,768,111.624,79.393,7.121,mid,high,smooth,neutral,PIKE|2026-07-01|09|5
f-22199cef351e,images/train/f-22199cef351e.png,train,fish,PIKE,2025-06-10T16:17:20,2025-06-10,16,day,fish,1,640,848,141.877,65.582,9.388,mid,high,smooth,neutral,PIKE|2025-06-10|16|1
f-229ad93de075,images/train/f-229ad93de075.png,train,fish,PIKE,2025-06-14T21:41:46,2025-06-14,21,night,fish,1,640,848,131.012,81.218,12.133,mid,high,medium,neutral,PIKE|2025-06-14|21|4
f-22f5450ef06b,images/train/f-22f5450ef06b.png,train,fish,EDGE_DEVICE,2026-07-23T20:06:50,2026-07-23,20,dusk,fish,1,1280,960,118.345,66.365,10.757,mid,high,smooth,neutral,EDGE_DEVICE|2026-07-23|20|0
f-233bcc72d7e3,images/train/f-233bcc72d7e3.png,train,fish,EDGE_DEVICE,2026-07-23T16:22:55,2026-07-23,16,day,no_fish,0,1280,960,117.179,67.833,9.794,mid,high,smooth,neutral,EDGE_DEVICE|2026-07-23|16|2
f-234ce2d03d3f,images/train/f-234ce2d03d3f.png,train,fish,PIKE,2025-06-14T21:15:35,2025-06-14,21,night,fish,1,640,848,128.095,75.642,12.652,mid,high,medium,neutral,PIKE|2025-06-14|21|1
f-23520aec86d8,images/train/f-23520aec86d8.png,train,fish,PIKE,2026-07-19T07:07:30,2026-07-19,7,dawn,fish,1,1280,960,122.149,75.606,9.984,mid,high,smooth,neutral,PIKE|2026-07-19|07|0
f-235f50d99f64,images/train/f-235f50d99f64.png,train,fish,PIKE,2025-07-04T02:20:27,2025-07-04,2,night,fish,2,640,848,91.355,84.466,7.898,mid,high,smooth,neutral,PIKE|2025-07-04|02|2
f-23f7876a21d6,images/train/f-23f7876a21d6.png,train,fish,EDGE_DEVICE,2026-07-23T19:31:57,2026-07-23,19,dusk,no_fish,0,1280,960,118.249,66.588,10.656,mid,high,smooth,neutral,EDGE_DEVICE|2026-07-23|19|3
f-24013b4671fa,images/train/f-24013b4671fa.png,train,fish,PIKE,2025-06-10T23:10:55,2025-06-10,23,night,fish,1,640,848,89.710,91.300,6.549,mid,high,smooth,neutral,PIKE|2025-06-10|23|1
f-24e2740e0884,images/train/f-24e2740e0884.png,train,fish,PIKE,2025-09-20T16:14:22,2025-09-20,16,day,fish,1,640,848,139.103,73.881,13.719,mid,high,medium,blue,PIKE|2025-09-20|16|1
f-24ecf175c135,images/train/f-24ecf175c135.png,train,fish,PIKE,2025-06-14T21:11:56,2025-06-14,21,night,no_fish,0,640,848,125.162,73.426,12.257,mid,high,medium,neutral,PIKE|2025-06-14|21|1
f-255406bf836e,images/train/f-255406bf836e.png,train,fish,EDGE_DEVICE,2026-07-23T19:41:03,2026-07-23,19,dusk,no_fish,0,1280,960,118.947,66.873,10.528,mid,high,smooth,neutral,EDGE_DEVICE|2026-07-23|19|4
f-257b0081998e,images/train/f-257b0081998e.png,train,fish,PIKE,2025-06-12T06:28:00,2025-06-12,6,dawn,fish,3,640,848,100.111,88.502,7.454,mid,high,smooth,blue,PIKE|2025-06-12|06|2
f-258833e1663a,images/train/f-258833e1663a.png,train,fish,PIKE,2026-07-01T18:02:14,2026-07-01,18,dusk,fish,1,1024,768,111.870,73.079,8.205,mid,high,smooth,neutral,PIKE|2026-07-01|18|0
f-25a19a323285,images/train/f-25a19a323285.png,train,fish,EDGE_DEVICE,2026-07-23T16:22:35,2026-07-23,16,day,fish,1,1280,960,116.503,68.100,9.958,mid,high,smooth,neutral,EDGE_DEVICE|2026-07-23|16|2
f-25b89f3babd6,images/train/f-25b89f3babd6.png,train,fish,PIKE,2026-07-01T07:23:32,2026-07-01,7,dawn,fish,2,1024,768,116.781,78.056,6.100,mid,high,smooth,neutral,PIKE|2026-07-01|07|2
f-262bf2d2b403,images/train/f-262bf2d2b403.png,train,fish,PIKE,2026-02-25T03:03:42,2026-02-25,3,night,no_fish,0,768,1024,138.105,83.187,15.045,mid,high,medium,neutral,PIKE|2026-02-25|03|0
f-267f77e3066f,images/train/f-267f77e3066f.png,train,fish,PIKE,2025-06-10T17:31:27,2025-06-10,17,day,fish,1,640,848,126.930,73.279,11.394,mid,high,smooth,neutral,PIKE|2025-06-10|17|3
f-26916c6865bb,images/train/f-26916c6865bb.png,train,fish,PIKE,2025-06-10T15:48:48,2025-06-10,15,day,no_fish,0,640,848,126.344,68.004,9.906,mid,high,smooth,neutral,PIKE|2025-06-10|15|4
f-276eb3a2ed0e,images/train/f-276eb3a2ed0e.png,train,fish,PIKE,2025-09-20T13:18:36,2025-09-20,13,day,fish,1,640,848,126.825,68.341,12.249,mid,high,medium,neutral,PIKE|2025-09-20|13|1
f-277113203b67,images/train/f-277113203b67.png,train,fish,PIKE,2026-07-19T11:40:08,2026-07-19,11,day,no_fish,0,1280,960,118.345,70.933,11.487,mid,high,smooth,neutral,PIKE|2026-07-19|11|4
f-27af95f9f025,images/train/f-27af95f9f025.png,train,fish,PIKE,2025-06-14T21:40:33,2025-06-14,21,night,fish,1,640,848,127.103,79.989,11.907,mid,high,smooth,neutral,PIKE|2025-06-14|21|4
f-27c5fda19b20,images/train/f-27c5fda19b20.png,train,fish,PIKE,2026-07-01T22:56:03,2026-07-01,22,night,fish,1,1024,768,114.579,85.120,8.836,mid,high,smooth,neutral,PIKE|2026-07-01|22|5
f-27dd4f4e7a3e,images/train/f-27dd4f4e7a3e.png,train,fish,PIKE,2025-06-10T20:43:24,2025-06-10,20,dusk,fish,1,640,848,125.499,72.449,11.674,mid,high,smooth,neutral,PIKE|2025-06-10|20|4
f-28940b88135f,images/train/f-28940b88135f.png,train,fish,PIKE,2025-09-20T06:38:48,2025-09-20,6,dawn,fish,1,640,848,136.582,80.516,11.813,mid,high,smooth,blue,PIKE|2025-09-20|06|3
f-289ff796b082,images/train/f-289ff796b082.png,train,fish,PIKE,2025-06-10T17:10:24,2025-06-10,17,day,fish,3,640,848,121.189,70.444,11.213,mid,high,smooth,neutral,PIKE|2025-06-10|17|1
f-2956ab0c7352,images/train/f-2956ab0c7352.png,train,fish,PIKE,2025-06-14T23:26:10,2025-06-14,23,night,fish,2,640,848,83.126,94.722,7.107,mid,high,smooth,neutral,PIKE|2025-06-14|23|2
f-29fdfe5481aa,images/train/f-29fdfe5481aa.png,train,fish,PIKE,2025-09-20T11:49:52,2025-09-20,11,day,fish,1,640,848,130.380,70.511,12.659,mid,high,medium,blue,PIKE|2025-09-20|11|4
f-2b03ea7fb065,images/train/f-2b03ea7fb065.png,train,fish,EDGE_DEVICE,2026-07-24T06:55:33,2026-07-24,6,dawn,fish,1,1280,960,126.626,72.790,10.888,mid,high,smooth,neutral,EDGE_DEVICE|2026-07-24|06|5
f-2b06d6762820,images/train/f-2b06d6762820.png,train,hessen,IAHC2407,2026-07-20T19:05:24,2026-07-20,19,dusk,no_fish,0,1280,720,168.500,63.650,17.592,bright,high,medium,neutral,IAHC2407|2026-07-20|19|0
f-2b41fa991646,images/train/f-2b41fa991646.png,train,fish,PIKE,2026-02-25T18:01:08,2026-02-25,18,dusk,no_fish,0,768,1024,130.541,75.377,13.375,mid,high,medium,neutral,PIKE|2026-02-25|18|0
f-2b994c1cb418,images/train/f-2b994c1cb418.png,train,fish,PIKE,2026-07-01T06:20:01,2026-07-01,6,dawn,no_fish,0,1024,768,120.284,82.929,5.918,mid,high,smooth,neutral,PIKE|2026-07-01|06|2
f-2bfdc462154e,images/train/f-2bfdc462154e.png,train,fish,PIKE,2025-09-20T18:02:44,2025-09-20,18,dusk,fish,1,640,848,134.750,78.257,12.419,mid,high,medium,blue,PIKE|2025-09-20|18|0
f-2c0ff779acb7,images/train/f-2c0ff779acb7.png,train,fish,PIKE,2026-02-25T18:03:23,2026-02-25,18,dusk,no_fish,0,768,1024,133.249,76.721,13.475,mid,high,medium,neutral,PIKE|2026-02-25|18|0
f-2c6f94ae0ecd,images/train/f-2c6f94ae0ecd.png,train,fish,PIKE,2026-07-19T07:20:31,2026-07-19,7,dawn,fish,1,1280,960,126.353,74.501,9.980,mid,high,smooth,neutral,PIKE|2026-07-19|07|2
f-2cbd2913792f,images/train/f-2cbd2913792f.png,train,fish,PIKE,2025-06-10T23:28:55,2025-06-10,23,night,fish,1,640,848,87.372,89.266,6.821,mid,high,smooth,neutral,PIKE|2025-06-10|23|2
f-2db12d605e94,images/train/f-2db12d605e94.png,train,fish,PIKE,2025-09-20T19:14:15,2025-09-20,19,dusk,fish,1,640,848,94.941,91.442,8.503,mid,high,smooth,neutral,PIKE|2025-09-20|19|1
f-2e096d163940,images/train/f-2e096d163940.png,train,fish,PIKE,2025-09-20T06:53:57,2025-09-20,6,dawn,fish,1,640,848,137.729,79.224,12.293,mid,high,medium,blue,PIKE|2025-09-20|06|5
f-2ebc745140a7,images/train/f-2ebc745140a7.png,train,fish,PIKE,2025-06-10T23:36:36,2025-06-10,23,night,fish,1,640,848,87.685,89.506,6.453,mid,high,smooth,neutral,PIKE|2025-06-10|23|3
f-2f59420ca03d,images/train/f-2f59420ca03d.png,train,fish,PIKE,2025-06-10T20:15:09,2025-06-10,20,dusk,fish,1,640,848,124.697,72.112,11.601,mid,high,smooth,neutral,PIKE|2025-06-10|20|1
f-2fd42621f3de,images/train/f-2fd42621f3de.png,train,fish,PIKE,2025-09-20T15:18:53,2025-09-20,15,day,fish,1,640,848,151.985,76.888,14.741,mid,high,medium,neutral,PIKE|2025-09-20|15|1
f-3018fc28c792,images/train/f-3018fc28c792.png,train,fish,PIKE,2026-07-01T21:46:14,2026-07-01,21,night,fish,1,1024,768,113.547,84.049,8.863,mid,high,smooth,neutral,PIKE|2026-07-01|21|4
f-30f709009530,images/train/f-30f709009530.png,train,fish,PIKE,2026-02-16T10:36:25,2026-02-16,10,day,no_fish,0,768,1024,135.573,80.577,8.370,mid,high,smooth,neutral,PIKE|2026-02-16|10|3
f-310f0a64461b,images/train/f-310f0a64461b.png,train,fish,PIKE,2026-07-01T16:14:36,2026-07-01,16,day,fish,1,1024,768,116.656,78.491,6.430,mid,high,smooth,neutral,PIKE|2026-07-01|16|1
f-31a25ea70e3f,images/train/f-31a25ea70e3f.png,train,fish,PIKE,2025-09-20T19:16:49,2025-09-20,19,dusk,fish,1,640,848,94.367,91.289,8.462,mid,high,smooth,neutral,PIKE|2025-09-20|19|1
f-31a45e126a2c,images/train/f-31a45e126a2c.png,train,fish,PIKE,2025-06-12T06:32:00,2025-06-12,6,dawn,fish,2,640,848,102.854,85.607,9.317,mid,high,smooth,neutral,PIKE|2025-06-12|06|3
f-31a522168564,images/train/f-31a522168564.png,train,fish,PIKE,2026-07-20T07:39:35,2026-07-20,7,dawn,no_fish,0,1280,960,121.606,73.229,9.734,mid,high,smooth,neutral,PIKE|2026-07-20|07|3
f-31eb48430387,images/train/f-31eb48430387.png,train,fish,PIKE,2025-06-14T00:56:53,2025-06-14,0,night,fish,1,640,848,81.714,93.078,6.854,mid,high,smooth,neutral,PIKE|2025-06-14|00|5
f-3224d78c47d4,images/train/f-3224d78c47d4.png,train,fish,PIKE,2025-06-10T23:25:59,2025-06-10,23,night,fish,1,640,848,89.081,91.092,6.359,mid,high,smooth,neutral,PIKE|2025-06-10|23|2
f-32a5c9bf4b7b,images/train/f-32a5c9bf4b7b.png,train,fish,PIKE,2025-06-10T17:19:35,2025-06-10,17,day,fish,1,640,848,123.521,71.253,11.766,mid,high,smooth,neutral,PIKE|2025-06-10|17|1
f-32ace334adc1,images/train/f-32ace334adc1.png,train,fish,PIKE,2025-06-12T05:52:40,2025-06-12,5,night,fish,1,640,848,86.136,92.356,6.666,mid,high,smooth,neutral,PIKE|2025-06-12|05|5
f-32ad0b1459ac,images/train/f-32ad0b1459ac.png,train,fish,PIKE,2025-06-14T13:02:52,2025-06-14,13,day,no_fish,0,640,848,121.988,73.855,13.277,mid,high,medium,neutral,PIKE|2025-06-14|13|0
f-32ff4187e26f,images/train/f-32ff4187e26f.png,train,fish,PIKE,2025-07-04T11:15:19,2025-07-04,11,day,fish,1,640,848,112.738,68.787,9.375,mid,high,smooth,neutral,PIKE|2025-07-04|11|1
f-33aa5d2d3263,images/train/f-33aa5d2d3263.png,train,fish,PIKE,2025-06-14T11:32:26,2025-06-14,11,day,fish,2,640,848,126.822,81.339,11.463,mid,high,smooth,neutral,PIKE|2025-06-14|11|3
f-340114737fb9,images/train/f-340114737fb9.png,train,fish,PIKE,2026-07-20T12:31:03,2026-07-20,12,day,fish,1,1280,960,124.623,68.527,10.073,mid,high,smooth,neutral,PIKE|2026-07-20|12|3
f-3404aa086720,images/train/f-3404aa086720.png,train,fish,PIKE,2026-07-19T07:27:17,2026-07-19,7,dawn,no_fish,0,1280,960,119.731,71.849,10.190,mid,high,smooth,neutral,PIKE|2026-07-19|07|2
f-3453d1421c10,images/train/f-3453d1421c10.png,train,fish,PIKE,2026-07-01T13:45:09,2026-07-01,13,day,no_fish,0,1024,768,119.260,78.579,6.160,mid,high,smooth,neutral,PIKE|2026-07-01|13|4
f-34c23eff6a38,images/train/f-34c23eff6a38.png,train,fish,PIKE,2025-06-12T06:18:23,2025-06-12,6,dawn,fish,2,640,848,84.692,85.539,7.122,mid,high,smooth,neutral,PIKE|2025-06-12|06|1
f-34d61f367314,images/train/f-34d61f367314.png,train,fish,PIKE,2025-06-14T08:25:51,2025-06-14,8,dawn,no_fish,0,640,848,113.796,71.749,10.930,mid,high,smooth,neutral,PIKE|2025-06-14|08|2
f-351741c9a497,images/train/f-351741c9a497.png,train,fish,PIKE,2025-07-04T02:31:31,2025-07-04,2,night,fish,2,640,848,93.111,85.781,7.851,mid,high,smooth,neutral,PIKE|2025-07-04|02|3
f-354584767793,images/train/f-354584767793.png,train,fish,PIKE,2025-06-14T21:42:40,2025-06-14,21,night,fish,1,640,848,129.659,81.061,12.018,mid,high,medium,neutral,PIKE|2025-06-14|21|4
f-3582cf801caa,images/train/f-3582cf801caa.png,train,fish,PIKE,2025-06-14T07:25:48,2025-06-14,7,dawn,fish,1,640,848,127.319,79.958,11.430,mid,high,smooth,blue,PIKE|2025-06-14|07|2
f-35f1b90bf0e0,images/train/f-35f1b90bf0e0.png,train,fish,PIKE,2025-09-20T12:13:35,2025-09-20,12,day,fish,1,640,848,139.359,76.477,13.147,mid,high,medium,blue,PIKE|2025-09-20|12|1
f-3676020808f7,images/train/f-3676020808f7.png,train,fish,PIKE,2026-07-20T07:57:25,2026-07-20,7,dawn,fish,1,1280,960,122.328,72.752,9.730,mid,high,smooth,neutral,PIKE|2026-07-20|07|5
f-37168deff31e,images/train/f-37168deff31e.png,train,fish,PIKE,2026-02-25T15:47:29,2026-02-25,15,day,no_fish,0,768,1024,119.823,73.890,7.152,mid,high,smooth,neutral,PIKE|2026-02-25|15|4
f-37aa3bcf729e,images/train/f-37aa3bcf729e.png,train,fish,PIKE,2025-06-14T21:40:27,2025-06-14,21,night,fish,1,640,848,126.296,78.946,11.729,mid,high,smooth,neutral,PIKE|2025-06-14|21|4
f-37deddbc96af,images/train/f-37deddbc96af.png,train,fish,PIKE,2025-06-14T09:26:40,2025-06-14,9,day,fish,2,640,848,106.902,64.913,11.785,mid,high,smooth,neutral,PIKE|2025-06-14|09|2
f-380574d9bb7a,images/train/f-380574d9bb7a.png,train,fish,PIKE,2026-02-25T16:51:02,2026-02-25,16,day,no_fish,0,768,1024,129.502,72.760,7.820,mid,high,smooth,neutral,PIKE|2026-02-25|16|5
f-381458210d31,images/train/f-381458210d31.png,train,fish,PIKE,2026-07-19T07:02:38,2026-07-19,7,dawn,fish,1,1280,960,126.225,75.974,10.452,mid,high,smooth,neutral,PIKE|2026-07-19|07|0
f-38b75eb6113c,images/train/f-38b75eb6113c.png,train,fish,PIKE,2025-06-14T14:55:26,2025-06-14,14,day,no_fish,0,640,848,126.138,53.853,15.751,mid,medium,medium,neutral,PIKE|2025-06-14|14|5
f-39491ae16141,images/train/f-39491ae16141.png,train,fish,PIKE,2026-02-16T06:11:00,2026-02-16,6,dawn,no_fish,0,768,1024,195.296,64.975,13.394,bright,high,medium,neutral,PIKE|2026-02-16|06|1
f-39b417d544dc,images/train/f-39b417d544dc.png,train,fish,PIKE,2026-07-20T12:37:13,2026-07-20,12,day,fish,7,1280,720,135.577,56.522,13.934,mid,high,medium,neutral,PIKE|2026-07-20|12|3
f-39b6594201dd,images/train/f-39b6594201dd.png,train,fish,PIKE,2025-09-20T13:17:29,2025-09-20,13,day,fish,1,640,848,139.176,72.457,13.046,mid,high,medium,neutral,PIKE|2025-09-20|13|1
f-39cade51274c,images/train/f-39cade51274c.png,train,fish,PIKE,2026-07-01T06:45:24,2026-07-01,6,dawn,fish,1,1024,768,121.085,84.782,6.038,mid,high,smooth,neutral,PIKE|2026-07-01|06|4
f-3a56c3c51efc,images/train/f-3a56c3c51efc.png,train,fish,PIKE,2025-06-14T22:47:17,2025-06-14,22,night,fish,1,640,848,82.592,93.479,6.961,mid,high,smooth,neutral,PIKE|2025-06-14|22|4
f-3a5f28f29307,images/train/f-3a5f28f29307.png,train,fish,PIKE,2025-07-04T02:04:37,2025-07-04,2,night,fish,1,640,848,90.906,85.428,7.936,mid,high,smooth,neutral,PIKE|2025-07-04|02|0
f-3a8d134bf5be,images/train/f-3a8d134bf5be.png,train,fish,PIKE,2025-06-12T06:23:34,2025-06-12,6,dawn,fish,1,640,848,96.020,88.017,7.494,mid,high,smooth,neutral,PIKE|2025-06-12|06|2
f-3ad7f29b3a22,images/train/f-3ad7f29b3a22.png,train,fish,PIKE,2025-06-14T20:11:53,2025-06-14,20,dusk,fish,1,640,848,130.048,73.060,12.707,mid,high,medium,neutral,PIKE|2025-06-14|20|1
f-3b066631758f,images/train/f-3b066631758f.png,train,fish,PIKE,2026-07-01T03:32:56,2026-07-01,3,night,fish,1,1024,768,113.725,84.123,9.222,mid,high,smooth,neutral,PIKE|2026-07-01|03|3
f-3b0b100c6283,images/train/f-3b0b100c6283.png,train,fish,PIKE,2025-06-10T20:39:15,2025-06-10,20,dusk,fish,1,640,848,124.371,72.124,11.738,mid,high,smooth,neutral,PIKE|2025-06-10|20|3
f-3ba70bda507e,images/train/f-3ba70bda507e.png,train,fish,PIKE,2025-09-20T19:16:31,2025-09-20,19,dusk,fish,1,640,848,94.578,90.975,8.437,mid,high,smooth,neutral,PIKE|2025-09-20|19|1
f-3cb04101a277,images/train/f-3cb04101a277.png,train,fish,PIKE,2025-06-14T15:49:08,2025-06-14,15,day,fish,1,640,848,116.826,61.140,13.847,mid,high,medium,neutral,PIKE|2025-06-14|15|4
f-3ccf307770b8,images/train/f-3ccf307770b8.png,train,fish,PIKE,2025-06-14T19:42:54,2025-06-14,19,dusk,fish,2,640,848,138.174,77.690,12.595,mid,high,medium,neutral,PIKE|2025-06-14|19|4
f-3ceb587e61cd,images/train/f-3ceb587e61cd.png,train,fish,EDGE_DEVICE,2026-07-23T20:04:36,2026-07-23,20,dusk,no_fish,0,1280,960,121.379,64.151,9.833,mid,high,smooth,neutral,EDGE_DEVICE|2026-07-23|20|0
f-3cecc628bcf6,images/train/f-3cecc628bcf6.png,train,fish,PIKE,2025-09-20T06:55:51,2025-09-20,6,dawn,fish,1,640,848,139.323,79.800,12.670,mid,high,medium,blue,PIKE|2025-09-20|06|5
f-3d341fde05ec,images/train/f-3d341fde05ec.png,train,fish,PIKE,2025-09-20T03:37:19,2025-09-20,3,night,fish,1,640,848,96.101,91.751,8.511,mid,high,smooth,neutral,PIKE|2025-09-20|03|3
f-3d547eff4647,images/train/f-3d547eff4647.png,train,fish,PIKE,2026-02-16T07:51:05,2026-02-16,7,dawn,no_fish,0,768,1024,153.457,86.884,9.271,mid,high,smooth,neutral,PIKE|2026-02-16|07|5
f-3dc67f3dc470,images/train/f-3dc67f3dc470.png,train,fish,PIKE,2026-02-25T16:55:35,2026-02-25,16,day,no_fish,0,768,1024,134.139,74.022,8.101,mid,high,smooth,neutral,PIKE|2026-02-25|16|5
f-3ddc466bda98,images/train/f-3ddc466bda98.png,train,fish,PIKE,2026-02-25T00:17:47,2026-02-25,0,night,no_fish,0,768,1024,137.371,83.351,14.990,mid,high,medium,neutral,PIKE|2026-02-25|00|1
f-3e643740e503,images/train/f-3e643740e503.png,train,fish,PIKE,2025-06-14T11:51:53,2025-06-14,11,day,fish,1,640,848,108.843,74.919,11.497,mid,high,smooth,neutral,PIKE|2025-06-14|11|5
f-3eedcd048f18,images/train/f-3eedcd048f18.png,train,fish,PIKE,2025-06-14T08:41:18,2025-06-14,8,dawn,no_fish,0,640,848,118.864,73.430,11.324,mid,high,smooth,neutral,PIKE|2025-06-14|08|4
f-3f15f06c7681,images/train/f-3f15f06c7681.png,train,fish,PIKE,2026-07-20T06:42:33,2026-07-20,6,dawn,no_fish,0,1280,960,124.038,74.551,9.548,mid,high,smooth,neutral,PIKE|2026-07-20|06|4
f-3fb726c55312,images/train/f-3fb726c55312.png,train,fish,PIKE,2025-09-20T16:55:11,2025-09-20,16,day,fish,1,640,848,138.915,76.383,13.600,mid,high,medium,blue,PIKE|2025-09-20|16|5
f-40689d714d51,images/train/f-40689d714d51.png,train,fish,EDGE_DEVICE,2026-07-23T19:55:11,2026-07-23,19,dusk,fish,1,1280,960,119.133,66.772,10.713,mid,high,smooth,neutral,EDGE_DEVICE|2026-07-23|19|5
f-40c9f7c8b993,images/train/f-40c9f7c8b993.png,train,fish,PIKE,2025-06-14T09:39:11,2025-06-14,9,day,fish,1,640,848,112.293,67.437,12.585,mid,high,medium,neutral,PIKE|2025-06-14|09|3
f-41584da81534,images/train/f-41584da81534.png,train,fish,PIKE,2025-09-20T03:23:46,2025-09-20,3,night,fish,2,640,848,95.475,91.875,8.771,mid,high,smooth,neutral,PIKE|2025-09-20|03|2
f-41689ff58dcd,images/train/f-41689ff58dcd.png,train,fish,PIKE,2025-06-14T09:15:18,2025-06-14,9,day,fish,1,640,848,111.261,66.336,11.657,mid,high,smooth,neutral,PIKE|2025-06-14|09|1
f-418addaa29a4,images/train/f-418addaa29a4.png,train,fish,PIKE,2025-06-12T06:28:00,2025-06-12,6,dawn,fish,3,640,848,97.309,86.579,7.891,mid,high,smooth,blue,PIKE|2025-06-12|06|2
f-41a5db120f72,images/train/f-41a5db120f72.png,train,fish,PIKE,2025-06-12T06:18:23,2025-06-12,6,dawn,fish,2,640,848,89.433,89.322,7.622,mid,high,smooth,neutral,PIKE|2025-06-12|06|1
f-41fbd7385b21,images/train/f-41fbd7385b21.png,train,fish,PIKE,2025-06-14T14:42:31,2025-06-14,14,day,fish,1,640,848,123.983,59.528,14.725,mid,high,medium,neutral,PIKE|2025-06-14|14|4
f-42b74ee243a8,images/train/f-42b74ee243a8.png,train,fish,PIKE,2025-07-04T11:12:56,2025-07-04,11,day,fish,1,640,848,118.083,72.049,9.566,mid,high,smooth,neutral,PIKE|2025-07-04|11|1
f-42ee24535192,images/train/f-42ee24535192.png,train,fish,PIKE,2025-06-14T21:16:06,2025-06-14,21,night,no_fish,0,640,848,128.537,75.491,12.182,mid,high,medium,neutral,PIKE|2025-06-14|21|1
f-42ff5bd19507,images/train/f-42ff5bd19507.png,train,fish,PIKE,2025-06-14T14:56:29,2025-06-14,14,day,no_fish,0,640,848,121.079,54.004,14.993,mid,medium,medium,neutral,PIKE|2025-06-14|14|5
f-431001d4331f,images/train/f-431001d4331f.png,train,fish,PIKE,2025-09-20T11:45:27,2025-09-20,11,day,fish,1,640,848,137.257,72.842,13.840,mid,high,medium,neutral,PIKE|2025-09-20|11|4
f-4354390e2ccd,images/train/f-4354390e2ccd.png,train,fish,PIKE,2025-06-14T09:54:24,2025-06-14,9,day,fish,2,640,848,113.402,67.736,12.117,mid,high,medium,neutral,PIKE|2025-06-14|09|5
f-43ac23272dce,images/train/f-43ac23272dce.png,train,fish,EDGE_DEVICE,2026-07-23T16:21:44,2026-07-23,16,day,no_fish,0,1280,960,116.751,67.998,10.112,mid,high,smooth,neutral,EDGE_DEVICE|2026-07-23|16|2
f-44575df9209a,images/train/f-44575df9209a.png,train,fish,PIKE,2025-06-10T15:25:34,2025-06-10,15,day,no_fish,0,640,848,132.234,70.950,9.479,mid,high,smooth,neutral,PIKE|2025-06-10|15|2
f-450a22f75cc8,images/train/f-450a22f75cc8.png,train,fish,PIKE,2026-07-01T12:30:52,2026-07-01,12,day,fish,1,1024,768,115.129,80.203,6.029,mid,high,smooth,neutral,PIKE|2026-07-01|12|3
f-454edde2be09,images/train/f-454edde2be09.png,train,hessen,IAHC2407,2026-07-20T20:11:21,2026-07-20,20,dusk,no_fish,0,1280,720,139.971,62.255,15.620,mid,high,medium,neutral,IAHC2407|2026-07-20|20|1
f-4580648993b0,images/train/f-4580648993b0.png,train,fish,PIKE,2025-06-12T06:28:00,2025-06-12,6,dawn,fish,1,640,848,100.819,87.851,7.448,mid,high,smooth,blue,PIKE|2025-06-12|06|2
f-45945fa2a032,images/train/f-45945fa2a032.png,train,fish,PIKE,2025-06-12T06:03:02,2025-06-12,6,dawn,fish,1,640,848,87.294,92.588,6.215,mid,high,smooth,neutral,PIKE|2025-06-12|06|0
f-46a2d25ec488,images/train/f-46a2d25ec488.png,train,fish,PIKE,2025-07-04T11:33:14,2025-07-04,11,day,fish,1,640,848,113.145,68.718,9.316,mid,high,smooth,neutral,PIKE|2025-07-04|11|3
f-46c0b4820653,images/train/f-46c0b4820653.png,train,fish,PIKE,2026-07-01T16:06:19,2026-07-01,16,day,no_fish,0,1024,768,113.131,77.615,6.391,mid,high,smooth,neutral,PIKE|2026-07-01|16|0
f-46efdf28a873,images/train/f-46efdf28a873.png,train,fish,PIKE,2025-06-12T06:28:00,2025-06-12,6,dawn,fish,2,640,848,98.640,87.722,7.391,mid,high,smooth,blue,PIKE|2025-06-12|06|2
f-472928287f9f,images/train/f-472928287f9f.png,train,fish,PIKE,2025-06-14T19:11:23,2025-06-14,19,dusk,no_fish,0,640,848,116.609,68.003,11.438,mid,high,smooth,neutral,PIKE|2025-06-14|19|1
f-4769cecc4f15,images/train/f-4769cecc4f15.png,train,fish,PIKE,2025-07-04T11:34:48,2025-07-04,11,day,fish,2,640,848,112.350,68.884,9.329,mid,high,smooth,neutral,PIKE|2025-07-04|11|3
f-48d92cc318de,images/train/f-48d92cc318de.png,train,fish,PIKE,2025-06-10T19:33:34,2025-06-10,19,dusk,fish,1,640,848,123.876,71.128,12.460,mid,high,medium,neutral,PIKE|2025-06-10|19|3
f-48fd82ecd2ce,images/train/f-48fd82ecd2ce.png,train,fish,PIKE,2025-06-10T22:41:53,2025-06-10,22,night,fish,1,640,848,82.938,82.584,6.866,mid,high,smooth,neutral,PIKE|2025-06-10|22|4
f-495bca3fc416,images/train/f-495bca3fc416.png,train,fish,PIKE,2025-06-10T22:07:30,2025-06-10,22,night,fish,1,640,848,126.879,87.286,9.597,mid,high,smooth,neutral,PIKE|2025-06-10|22|0
f-49d194bbbb5f,images/train/f-49d194bbbb5f.png,train,fish,PIKE,2025-06-14T09:35:26,2025-06-14,9,day,no_fish,0,640,848,112.416,68.991,11.846,mid,high,smooth,neutral,PIKE|2025-06-14|09|3
f-4aa3d523ec3e,images/train/f-4aa3d523ec3e.png,train,fish,PIKE,2025-09-20T19:32:42,2025-09-20,19,dusk,fish,1,640,848,94.530,91.265,8.542,mid,high,smooth,neutral,PIKE|2025-09-20|19|3
f-4b2ab32409dc,images/train/f-4b2ab32409dc.png,train,fish,PIKE,2025-09-20T06:47:30,2025-09-20,6,dawn,fish,1,640,848,139.196,80.424,12.263,mid,high,medium,blue,PIKE|2025-09-20|06|4
f-4c152179252f,images/train/f-4c152179252f.png,train,fish,PIKE,2025-06-14T20:54:12,2025-06-14,20,dusk,fish,1,640,848,125.718,73.097,12.431,mid,high,medium,neutral,PIKE|2025-06-14|20|5
f-4c575f9dd69c,images/train/f-4c575f9dd69c.png,train,fish,PIKE,2025-09-20T04:23:01,2025-09-20,4,night,fish,1,640,848,94.594,91.098,8.413,mid,high,smooth,neutral,PIKE|2025-09-20|04|2
f-4c7b50ce133d,images/train/f-4c7b50ce133d.png,train,fish,PIKE,2026-07-20T12:23:30,2026-07-20,12,day,fish,12,1280,720,145.547,55.953,14.742,mid,high,medium,neutral,PIKE|2026-07-20|12|2
f-4c9f4aa269ff,images/train/f-4c9f4aa269ff.png,train,fish,PIKE,2026-02-25T18:01:35,2026-02-25,18,dusk,no_fish,0,768,1024,127.985,73.965,13.053,mid,high,medium,neutral,PIKE|2026-02-25|18|0
f-4cfcf99b29f0,images/train/f-4cfcf99b29f0.png,train,fish,PIKE,2025-06-10T19:54:18,2025-06-10,19,dusk,fish,1,640,848,122.816,69.930,12.080,mid,high,medium,neutral,PIKE|2025-06-10|19|5
f-4dbb69412c84,images/train/f-4dbb69412c84.png,train,fish,PIKE,2025-07-04T06:05:28,2025-07-04,6,dawn,fish,1,640,848,127.098,75.197,9.143,mid,high,smooth,neutral,PIKE|2025-07-04|06|0
f-4e07fa0378c2,images/train/f-4e07fa0378c2.png,train,fish,PIKE,2025-06-10T17:31:03,2025-06-10,17,day,fish,1,640,848,125.975,72.426,11.356,mid,high,smooth,neutral,PIKE|2025-06-10|17|3
f-4e25c702dc4a,images/train/f-4e25c702dc4a.png,train,fish,EDGE_DEVICE,2026-07-24T07:40:29,2026-07-24,7,dawn,no_fish,0,1280,960,119.616,69.056,9.372,mid,high,smooth,neutral,EDGE_DEVICE|2026-07-24|07|4
f-4e674e8620f2,images/train/f-4e674e8620f2.png,train,hessen,IAHC2407,2026-07-20T19:16:32,2026-07-20,19,dusk,fish,1,1280,720,145.179,61.958,14.868,mid,high,medium,neutral,IAHC2407|2026-07-20|19|1
f-4e86a3aeaf04,images/train/f-4e86a3aeaf04.png,train,fish,PIKE,2025-09-20T03:58:54,2025-09-20,3,night,fish,1,640,848,94.656,91.202,8.400,mid,high,smooth,neutral,PIKE|2025-09-20|03|5
f-4ef363096649,images/train/f-4ef363096649.png,train,fish,EDGE_DEVICE,2026-07-24T08:00:18,2026-07-24,8,dawn,fish,1,1280,960,126.943,70.863,8.817,mid,high,smooth,neutral,EDGE_DEVICE|2026-07-24|08|0
f-4f294ef7052d,images/train/f-4f294ef7052d.png,train,fish,PIKE,2026-07-20T12:37:12,2026-07-20,12,day,fish,6,1280,720,135.776,56.575,13.908,mid,high,medium,neutral,PIKE|2026-07-20|12|3
f-4fae9c3845e4,images/train/f-4fae9c3845e4.png,train,fish,PIKE,2025-06-14T03:30:58,2025-06-14,3,night,fish,3,640,848,66.271,89.685,9.865,dark,high,smooth,neutral,PIKE|2025-06-14|03|3
f-4fdb332e821e,images/train/f-4fdb332e821e.png,train,fish,PIKE,2025-09-20T13:20:01,2025-09-20,13,day,fish,1,640,848,135.924,74.365,12.955,mid,high,medium,neutral,PIKE|2025-09-20|13|2
f-5014665294c2,images/train/f-5014665294c2.png,train,fish,PIKE,2025-06-14T10:19:00,2025-06-14,10,day,fish,2,640,848,113.448,69.980,12.588,mid,high,medium,neutral,PIKE|2025-06-14|10|1
f-503483b3d2b6,images/train/f-503483b3d2b6.png,train,fish,PIKE,2025-06-12T05:55:00,2025-06-12,5,night,fish,1,640,848,85.738,92.159,6.759,mid,high,smooth,neutral,PIKE|2025-06-12|05|5
f-5083f59d35fe,images/train/f-5083f59d35fe.png,train,fish,PIKE,2025-09-20T03:31:16,2025-09-20,3,night,fish,1,640,848,95.586,91.642,8.735,mid,high,smooth,neutral,PIKE|2025-09-20|03|3
f-508e4efe339f,images/train/f-508e4efe339f.png,train,fish,PIKE,2025-06-10T15:25:46,2025-06-10,15,day,no_fish,0,640,848,131.816,70.987,9.533,mid,high,smooth,neutral,PIKE|2025-06-10|15|2
f-50ccd5293201,images/train/f-50ccd5293201.png,train,fish,PIKE,2025-09-20T11:45:34,2025-09-20,11,day,fish,1,640,848,133.316,68.980,13.678,mid,high,medium,neutral,PIKE|2025-09-20|11|4
f-50eb08bb9b20,images/train/f-50eb08bb9b20.png,train,fish,PIKE,2026-07-01T19:44:47,2026-07-01,19,dusk,fish,1,1024,768,118.915,77.237,8.870,mid,high,smooth,warm-brown,PIKE|2026-07-01|19|4
f-510c3d680539,images/train/f-510c3d680539.png,train,fish,PIKE,2025-09-20T06:54:30,2025-09-20,6,dawn,fish,1,640,848,138.363,79.542,12.739,mid,high,medium,blue,PIKE|2025-09-20|06|5
f-511dea93e441,images/train/f-511dea93e441.png,train,fish,PIKE,2025-06-14T06:26:26,2025-06-14,6,dawn,fish,2,640,848,94.837,90.924,7.764,mid,high,smooth,blue,PIKE|2025-06-14|06|2
f-51bd5e3d7af7,images/train/f-51bd5e3d7af7.png,train,fish,PIKE,2025-06-14T18:03:02,2025-06-14,18,dusk,fish,2,640,848,127.197,75.838,12.301,mid,high,medium,neutral,PIKE|2025-06-14|18|0
f-51d118853724,images/train/f-51d118853724.png,train,fish,PIKE,2025-09-20T05:35:49,2025-09-20,5,night,fish,2,640,848,94.443,90.484,8.570,mid,high,smooth,neutral,PIKE|2025-09-20|05|3
f-5201add6e0fe,images/train/f-5201add6e0fe.png,train,fish,PIKE,2025-09-20T12:47:53,2025-09-20,12,day,fish,1,640,848,135.333,74.950,13.846,mid,high,medium,blue,PIKE|2025-09-20|12|4
f-523600c5a2fe,images/train/f-523600c5a2fe.png,train,fish,PIKE,2026-02-25T19:00:52,2026-02-25,19,dusk,no_fish,0,768,1024,84.931,71.351,10.994,mid,high,smooth,neutral,PIKE|2026-02-25|19|0
f-5324da720aac,images/train/f-5324da720aac.png,train,fish,PIKE,2025-06-14T15:39:05,2025-06-14,15,day,fish,1,640,848,128.859,65.811,15.098,mid,high,medium,neutral,PIKE|2025-06-14|15|3
f-532e12d07b76,images/train/f-532e12d07b76.png,train,fish,PIKE,2025-06-14T12:25:17,2025-06-14,12,day,no_fish,0,640,848,108.729,77.272,13.594,mid,high,medium,neutral,PIKE|2025-06-14|12|2
f-535055eb8541,images/train/f-535055eb8541.png,train,fish,PIKE,2025-07-04T08:54:37,2025-07-04,8,dawn,fish,1,640,848,117.285,71.803,8.971,mid,high,smooth,neutral,PIKE|2025-07-04|08|5
f-5366dc53858c,images/train/f-5366dc53858c.png,train,fish,PIKE,2025-07-04T06:02:00,2025-07-04,6,dawn,fish,1,640,848,128.126,76.370,9.213,mid,high,smooth,neutral,PIKE|2025-07-04|06|0
f-538fbef29e89,images/train/f-538fbef29e89.png,train,fish,PIKE,2025-06-14T14:56:49,2025-06-14,14,day,fish,3,640,848,136.770,60.238,16.206,mid,high,medium,neutral,PIKE|2025-06-14|14|5
f-547f844c7876,images/train/f-547f844c7876.png,train,fish,PIKE,2026-07-19T07:27:50,2026-07-19,7,dawn,no_fish,0,1280,960,119.721,71.534,10.243,mid,high,smooth,neutral,PIKE|2026-07-19|07|2
f-548e39702dd9,images/train/f-548e39702dd9.png,train,fish,PIKE,2025-09-20T17:16:13,2025-09-20,17,day,fish,1,640,848,132.586,74.892,13.550,mid,high,medium,blue,PIKE|2025-09-20|17|1
f-55d9363418a5,images/train/f-55d9363418a5.png,train,fish,PIKE,2025-06-12T06:08:42,2025-06-12,6,dawn,fish,1,640,848,85.616,87.432,6.649,mid,high,smooth,neutral,PIKE|2025-06-12|06|0
f-562bb98589fc,images/train/f-562bb98589fc.png,train,fish,PIKE,2025-06-12T06:28:00,2025-06-12,6,dawn,fish,1,640,848,101.134,88.106,7.347,mid,high,smooth,blue,PIKE|2025-06-12|06|2
f-56c37d75b881,images/train/f-56c37d75b881.png,train,fish,PIKE,2026-07-20T12:23:14,2026-07-20,12,day,fish,10,1280,720,132.823,53.581,14.117,mid,medium,medium,neutral,PIKE|2026-07-20|12|2
f-572c88ed0c16,images/train/f-572c88ed0c16.png,train,fish,PIKE,2025-07-04T11:53:28,2025-07-04,11,day,fish,1,640,848,166.699,82.375,10.998,bright,high,smooth,neutral,PIKE|2025-07-04|11|5
f-5741fe67b1d9,images/train/f-5741fe67b1d9.png,train,fish,PIKE,2025-06-14T19:48:24,2025-06-14,19,dusk,no_fish,0,640,848,117.557,67.369,11.843,mid,high,smooth,neutral,PIKE|2025-06-14|19|4
f-5836538aaea0,images/train/f-5836538aaea0.png,train,fish,EDGE_DEVICE,2026-07-23T16:22:15,2026-07-23,16,day,no_fish,0,1280,960,117.154,68.162,9.947,mid,high,smooth,neutral,EDGE_DEVICE|2026-07-23|16|2
f-583fa327cde9,images/train/f-583fa327cde9.png,train,fish,PIKE,2025-06-14T14:36:32,2025-06-14,14,day,fish,1,640,848,132.136,59.013,16.527,mid,high,medium,neutral,PIKE|2025-06-14|14|3
f-58d460fc5174,images/train/f-58d460fc5174.png,train,fish,PIKE,2025-07-04T09:25:51,2025-07-04,9,day,fish,1,640,848,126.132,78.438,9.168,mid,high,smooth,neutral,PIKE|2025-07-04|09|2
f-5952751998ba,images/train/f-5952751998ba.png,train,fish,PIKE,2026-07-20T07:58:34,2026-07-20,7,dawn,fish,1,1280,960,122.795,72.878,9.552,mid,high,smooth,neutral,PIKE|2026-07-20|07|5
f-5973bcd47893,images/train/f-5973bcd47893.png,train,fish,PIKE,2025-09-20T06:43:57,2025-09-20,6,dawn,fish,1,640,848,135.491,78.734,11.839,mid,high,smooth,blue,PIKE|2025-09-20|06|4
f-598bbc5ef7a9,images/train/f-598bbc5ef7a9.png,train,fish,PIKE,2026-07-01T19:27:56,2026-07-01,19,dusk,fish,1,1024,768,113.966,75.700,8.919,mid,high,smooth,neutral,PIKE|2026-07-01|19|2
f-599c6b13a7c5,images/train/f-599c6b13a7c5.png,train,fish,PIKE,2025-06-12T06:25:50,2025-06-12,6,dawn,fish,1,640,848,99.604,88.881,7.273,mid,high,smooth,blue,PIKE|2025-06-12|06|2
f-59da23b89231,images/train/f-59da23b89231.png,train,fish,PIKE,2025-06-12T05:52:59,2025-06-12,5,night,fish,1,640,848,87.157,93.281,6.295,mid,high,smooth,neutral,PIKE|2025-06-12|05|5
f-59e7edfe11ed,images/train/f-59e7edfe11ed.png,train,fish,PIKE,2025-07-04T08:46:25,2025-07-04,8,dawn,fish,2,640,848,130.284,78.402,9.484,mid,high,smooth,neutral,PIKE|2025-07-04|08|4
f-5a895fbdd071,images/train/f-5a895fbdd071.png,train,fish,PIKE,2025-09-20T04:21:41,2025-09-20,4,night,fish,1,640,848,94.569,91.365,8.387,mid,high,smooth,neutral,PIKE|2025-09-20|04|2
f-5a9c26c53824,images/train/f-5a9c26c53824.png,train,fish,PIKE,2025-06-14T10:54:17,2025-06-14,10,day,fish,1,640,848,107.007,72.190,10.678,mid,high,smooth,neutral,PIKE|2025-06-14|10|5
f-5ad5e875dd05,images/train/f-5ad5e875dd05.png,train,fish,PIKE,2025-06-10T17:01:23,2025-06-10,17,day,fish,1,640,848,121.400,70.772,11.327,mid,high,smooth,neutral,PIKE|2025-06-10|17|0
f-5b7509d3982a,images/train/f-5b7509d3982a.png,train,fish,PIKE,2026-02-25T18:06:05,2026-02-25,18,dusk,no_fish,0,768,1024,134.522,76.589,13.706,mid,high,medium,neutral,PIKE|2026-02-25|18|0
f-5b811be05c41,images/train/f-5b811be05c41.png,train,hessen,IAHC2407,2026-07-20T18:14:50,2026-07-20,18,dusk,no_fish,0,1280,720,139.674,60.096,14.206,mid,high,medium,neutral,IAHC2407|2026-07-20|18|1
f-5c5d0c6d336e,images/train/f-5c5d0c6d336e.png,train,fish,PIKE,2025-09-20T06:53:42,2025-09-20,6,dawn,fish,1,640,848,136.653,78.447,12.456,mid,high,medium,blue,PIKE|2025-09-20|06|5
f-5d035977e699,images/train/f-5d035977e699.png,train,fish,PIKE,2025-06-14T10:49:51,2025-06-14,10,day,fish,1,640,848,120.817,74.632,12.322,mid,high,medium,neutral,PIKE|2025-06-14|10|4
f-5d624df26a0e,images/train/f-5d624df26a0e.png,train,fish,PIKE,2026-07-20T06:57:28,2026-07-20,6,dawn,fish,1,1280,960,129.214,75.601,9.758,mid,high,smooth,neutral,PIKE|2026-07-20|06|5
f-5d7483837c19,images/train/f-5d7483837c19.png,train,fish,PIKE,2025-09-20T19:29:33,2025-09-20,19,dusk,fish,2,640,848,93.878,90.957,8.879,mid,high,smooth,neutral,PIKE|2025-09-20|19|2
f-5d76264f2905,images/train/f-5d76264f2905.png,train,fish,PIKE,2025-07-04T01:49:13,2025-07-04,1,night,fish,2,640,848,92.493,86.482,8.081,mid,high,smooth,neutral,PIKE|2025-07-04|01|4
f-5e52a1b8d5bb,images/train/f-5e52a1b8d5bb.png,train,fish,PIKE,2025-06-14T20:57:46,2025-06-14,20,dusk,no_fish,0,640,848,121.287,71.412,12.037,mid,high,medium,neutral,PIKE|2025-06-14|20|5
f-5e83b6f7a448,images/train/f-5e83b6f7a448.png,train,fish,PIKE,2025-09-20T19:23:26,2025-09-20,19,dusk,fish,2,640,848,94.991,91.106,8.847,mid,high,smooth,neutral,PIKE|2025-09-20|19|2
f-5e8a0c2f16af,images/train/f-5e8a0c2f16af.png,train,hessen,IAHC2407,2026-07-20T20:09:29,2026-07-20,20,dusk,fish,1,1280,720,140.345,61.661,17.301,mid,high,medium,neutral,IAHC2407|2026-07-20|20|0
f-5e9d140737c5,images/train/f-5e9d140737c5.png,train,fish,PIKE,2026-02-25T10:30:21,2026-02-25,10,day,no_fish,0,768,1024,132.061,77.424,17.109,mid,high,medium,neutral,PIKE|2026-02-25|10|3
f-5f4d222e7eab,images/train/f-5f4d222e7eab.png,train,fish,PIKE,2025-06-12T05:52:59,2025-06-12,5,night,fish,1,640,848,84.853,91.276,6.490,mid,high,smooth,neutral,PIKE|2025-06-12|05|5
f-6032b4548f02,images/train/f-6032b4548f02.png,train,fish,PIKE,2025-06-12T06:28:00,2025-06-12,6,dawn,fish,1,640,848,99.503,87.971,7.439,mid,high,smooth,blue,PIKE|2025-06-12|06|2
f-60430cf9dd43,images/train/f-60430cf9dd43.png,train,fish,PIKE,2026-02-16T10:40:01,2026-02-16,10,day,no_fish,0,768,1024,133.107,79.288,8.338,mid,high,smooth,neutral,PIKE|2026-02-16|10|4
f-604b067dc82f,images/train/f-604b067dc82f.png,train,fish,PIKE,2025-06-14T11:50:48,2025-06-14,11,day,no_fish,0,640,848,116.289,77.336,11.576,mid,high,smooth,neutral,PIKE|2025-06-14|11|5
f-605784ca8498,images/train/f-605784ca8498.png,train,fish,PIKE,2026-07-19T10:11:49,2026-07-19,10,day,fish,1,1280,960,120.207,73.293,10.397,mid,high,smooth,neutral,PIKE|2026-07-19|10|1
f-60bd7ddabe1f,images/train/f-60bd7ddabe1f.png,train,fish,PIKE,2025-09-20T17:43:30,2025-09-20,17,day,fish,1,640,848,135.426,78.388,12.477,mid,high,medium,blue,PIKE|2025-09-20|17|4
f-60cdf13a8cc8,images/train/f-60cdf13a8cc8.png,train,fish,PIKE,2026-07-20T12:23:11,2026-07-20,12,day,fish,11,1280,720,136.777,54.249,14.474,mid,medium,medium,neutral,PIKE|2026-07-20|12|2
f-61416a6eeb58,images/train/f-61416a6eeb58.png,train,fish,PIKE,2026-02-25T18:05:41,2026-02-25,18,dusk,no_fish,0,768,1024,123.179,72.124,13.728,mid,high,medium,neutral,PIKE|2026-02-25|18|0
f-6148fbf33822,images/train/f-6148fbf33822.png,train,fish,PIKE,2025-06-14T11:31:03,2025-06-14,11,day,fish,1,640,848,105.710,74.759,10.535,mid,high,smooth,neutral,PIKE|2025-06-14|11|3
f-61d55673282e,images/train/f-61d55673282e.png,train,fish,PIKE,2025-06-14T10:15:25,2025-06-14,10,day,fish,2,640,848,120.893,71.567,12.290,mid,high,medium,neutral,PIKE|2025-06-14|10|1
f-61e7d409fbbc,images/train/f-61e7d409fbbc.png,train,fish,PIKE,2025-06-12T06:40:46,2025-06-12,6,dawn,fish,1,640,848,121.759,89.172,9.639,mid,high,smooth,neutral,PIKE|2025-06-12|06|4
f-6261f7123d81,images/train/f-6261f7123d81.png,train,fish,PIKE,2025-06-14T20:10:56,2025-06-14,20,dusk,fish,1,640,848,130.130,73.426,12.984,mid,high,medium,neutral,PIKE|2025-06-14|20|1
f-626224f880c6,images/train/f-626224f880c6.png,train,fish,PIKE,2025-06-10T15:05:04,2025-06-10,15,day,no_fish,0,640,848,140.349,73.863,8.565,mid,high,smooth,neutral,PIKE|2025-06-10|15|0
f-627a27844604,images/train/f-627a27844604.png,train,fish,PIKE,2026-02-16T10:09:41,2026-02-16,10,day,no_fish,0,768,1024,138.423,80.931,8.336,mid,high,smooth,neutral,PIKE|2026-02-16|10|0
f-62ac190222e5,images/train/f-62ac190222e5.png,train,fish,PIKE,2025-07-04T08:31:53,2025-07-04,8,dawn,fish,2,640,848,124.213,74.374,9.340,mid,high,smooth,neutral,PIKE|2025-07-04|08|3
f-62b4e3e7f926,images/train/f-62b4e3e7f926.png,train,fish,PIKE,2025-06-12T05:52:40,2025-06-12,5,night,fish,1,640,848,86.069,92.430,6.383,mid,high,smooth,neutral,PIKE|2025-06-12|05|5
f-62b9b81fcb75,images/train/f-62b9b81fcb75.png,train,fish,EDGE_DEVICE,2026-07-24T07:08:14,2026-07-24,7,dawn,fish,1,1280,960,122.255,71.527,10.945,mid,high,smooth,neutral,EDGE_DEVICE|2026-07-24|07|0
f-62c8fa9f4d44,images/train/f-62c8fa9f4d44.png,train,fish,PIKE,2026-02-16T06:10:02,2026-02-16,6,dawn,no_fish,0,768,1024,195.035,65.443,13.381,bright,high,medium,neutral,PIKE|2026-02-16|06|1
f-62cdc55a0fa6,images/train/f-62cdc55a0fa6.png,train,fish,PIKE,2026-02-25T18:03:13,2026-02-25,18,dusk,no_fish,0,768,1024,125.107,73.369,12.986,mid,high,medium,neutral,PIKE|2026-02-25|18|0
f-6354304a610d,images/train/f-6354304a610d.png,train,fish,PIKE,2025-06-14T08:18:25,2025-06-14,8,dawn,fish,1,640,848,113.868,72.864,11.192,mid,high,smooth,neutral,PIKE|2025-06-14|08|1
f-63ac12a7f36e,images/train/f-63ac12a7f36e.png,train,fish,EDGE_DEVICE,2026-07-23T16:21:24,2026-07-23,16,day,fish,1,1280,960,116.105,68.131,10.335,mid,high,smooth,neutral,EDGE_DEVICE|2026-07-23|16|2
f-63e83d08ed29,images/train/f-63e83d08ed29.png,train,fish,PIKE,2025-07-04T09:57:50,2025-07-04,9,day,fish,1,640,848,118.314,73.690,9.196,mid,high,smooth,neutral,PIKE|2025-07-04|09|5
f-641e27dffd77,images/train/f-641e27dffd77.png,train,fish,PIKE,2025-06-12T06:28:00,2025-06-12,6,dawn,fish,3,640,848,97.075,86.450,7.942,mid,high,smooth,blue,PIKE|2025-06-12|06|2
f-64f186db30c0,images/train/f-64f186db30c0.png,train,fish,PIKE,2025-06-14T21:02:53,2025-06-14,21,night,no_fish,0,640,848,121.377,71.199,12.023,mid,high,medium,neutral,PIKE|2025-06-14|21|0
f-652cd0bb7fc0,images/train/f-652cd0bb7fc0.png,train,fish,PIKE,2025-06-14T09:12:50,2025-06-14,9,day,fish,1,640,848,134.327,76.152,12.689,mid,high,medium,neutral,PIKE|2025-06-14|09|1
f-6549db52dbe2,images/train/f-6549db52dbe2.png,train,fish,PIKE,2025-06-14T18:02:04,2025-06-14,18,dusk,no_fish,0,640,848,129.359,75.600,12.217,mid,high,medium,neutral,PIKE|2025-06-14|18|0
f-658efac6e66e,images/train/f-658efac6e66e.png,train,fish,PIKE,2026-07-01T18:34:58,2026-07-01,18,dusk,fish,1,1024,768,119.364,76.317,8.053,mid,high,smooth,neutral,PIKE|2026-07-01|18|3
f-65a2f5ee1ca7,images/train/f-65a2f5ee1ca7.png,train,hessen,IAHC2407,2026-07-20T21:36:13,2026-07-20,21,night,fish,4,1280,720,135.975,60.324,18.288,mid,high,medium,neutral,IAHC2407|2026-07-20|21|3
f-6629e6c99aa3,images/train/f-6629e6c99aa3.png,train,fish,PIKE,2025-09-20T06:47:52,2025-09-20,6,dawn,fish,1,640,848,140.135,80.036,11.975,mid,high,smooth,blue,PIKE|2025-09-20|06|4
f-663ccba338fa,images/train/f-663ccba338fa.png,train,fish,PIKE,2025-06-12T06:28:00,2025-06-12,6,dawn,fish,3,640,848,98.627,88.361,9.187,mid,high,smooth,blue,PIKE|2025-06-12|06|2
f-6650a0c040bc,images/train/f-6650a0c040bc.png,train,fish,EDGE_DEVICE,2026-07-23T20:02:38,2026-07-23,20,dusk,no_fish,0,1280,960,118.032,65.998,10.667,mid,high,smooth,neutral,EDGE_DEVICE|2026-07-23|20|0
f-67004d94d5cf,images/train/f-67004d94d5cf.png,train,fish,PIKE,2025-07-04T02:36:08,2025-07-04,2,night,fish,4,640,848,91.630,84.183,7.971,mid,high,smooth,neutral,PIKE|2025-07-04|02|3
f-67138e669c31,images/train/f-67138e669c31.png,train,fish,PIKE,2025-06-14T21:17:05,2025-06-14,21,night,no_fish,0,640,848,127.059,75.033,12.154,mid,high,medium,neutral,PIKE|2025-06-14|21|1
f-6720eed3a2f2,images/train/f-6720eed3a2f2.png,train,hessen,IAHC2407,2026-07-20T21:23:13,2026-07-20,21,night,fish,1,1280,720,135.363,60.401,16.998,mid,high,medium,neutral,IAHC2407|2026-07-20|21|2
f-6769ec311341,images/train/f-6769ec311341.png,train,fish,PIKE,2025-06-10T23:09:59,2025-06-10,23,night,fish,1,640,848,89.645,91.317,6.633,mid,high,smooth,neutral,PIKE|2025-06-10|23|0
f-67aa1e65bc23,images/train/f-67aa1e65bc23.png,train,fish,PIKE,2025-06-14T07:34:41,2025-06-14,7,dawn,fish,1,640,848,119.959,76.211,11.151,mid,high,smooth,neutral,PIKE|2025-06-14|07|3
f-688898977909,images/train/f-688898977909.png,train,fish,PIKE,2026-07-01T06:41:03,2026-07-01,6,dawn,fish,1,1024,768,110.571,84.459,6.510,mid,high,smooth,neutral,PIKE|2026-07-01|06|4
f-68c30bbfc93b,images/train/f-68c30bbfc93b.png,train,fish,PIKE,2025-07-04T10:01:23,2025-07-04,10,day,fish,2,640,848,132.504,77.881,9.541,mid,high,smooth,neutral,PIKE|2025-07-04|10|0
f-69032618f61f,images/train/f-69032618f61f.png,train,fish,PIKE,2025-06-14T22:28:41,2025-06-14,22,night,fish,1,640,848,93.089,89.390,7.748,mid,high,smooth,neutral,PIKE|2025-06-14|22|2
f-69596efa1bb9,images/train/f-69596efa1bb9.png,train,fish,PIKE,2025-06-10T22:41:47,2025-06-10,22,night,fish,1,640,848,89.484,88.857,6.429,mid,high,smooth,neutral,PIKE|2025-06-10|22|4
f-69beb7847a56,images/train/f-69beb7847a56.png,train,fish,PIKE,2026-07-20T06:56:36,2026-07-20,6,dawn,fish,1,1280,960,122.083,75.959,9.994,mid,high,smooth,neutral,PIKE|2026-07-20|06|5
f-69e20cf52ab9,images/train/f-69e20cf52ab9.png,train,fish,PIKE,2026-07-01T12:17:58,2026-07-01,12,day,fish,1,1024,768,121.355,82.055,5.971,mid,high,smooth,neutral,PIKE|2026-07-01|12|1
f-6a45a30d841d,images/train/f-6a45a30d841d.png,train,fish,PIKE,2025-09-20T21:24:19,2025-09-20,21,night,fish,1,640,848,96.228,90.962,8.427,mid,high,smooth,neutral,PIKE|2025-09-20|21|2
f-6a71c8add864,images/train/f-6a71c8add864.png,train,fish,PIKE,2025-06-14T12:51:44,2025-06-14,12,day,no_fish,0,640,848,125.252,75.484,13.939,mid,high,medium,neutral,PIKE|2025-06-14|12|5
f-6b2863c0ab02,images/train/f-6b2863c0ab02.png,train,fish,PIKE,2026-07-01T15:15:21,2026-07-01,15,day,fish,1,1024,768,113.494,78.959,6.593,mid,high,smooth,neutral,PIKE|2026-07-01|15|1
f-6b4aae09ad9c,images/train/f-6b4aae09ad9c.png,train,fish,PIKE,2025-07-04T07:36:55,2025-07-04,7,dawn,fish,1,640,848,118.743,72.007,8.932,mid,high,smooth,neutral,PIKE|2025-07-04|07|3
f-6b7e320ca0ec,images/train/f-6b7e320ca0ec.png,train,fish,PIKE,2026-07-01T18:44:23,2026-07-01,18,dusk,fish,1,1024,768,117.709,76.181,8.275,mid,high,smooth,neutral,PIKE|2026-07-01|18|4
f-6c1e3b0d2c86,images/train/f-6c1e3b0d2c86.png,train,fish,PIKE,2026-07-20T07:55:58,2026-07-20,7,dawn,fish,1,1280,960,121.851,72.763,9.212,mid,high,smooth,neutral,PIKE|2026-07-20|07|5
f-6cf20f11b1de,images/train/f-6cf20f11b1de.png,train,fish,EDGE_DEVICE,2026-07-24T07:35:09,2026-07-24,7,dawn,no_fish,0,1280,960,122.351,69.718,9.355,mid,high,smooth,neutral,EDGE_DEVICE|2026-07-24|07|3
f-6d2bb31a48fe,images/train/f-6d2bb31a48fe.png,train,fish,PIKE,2026-07-01T06:24:12,2026-07-01,6,dawn,fish,1,1024,768,106.852,80.105,5.760,mid,high,smooth,neutral,PIKE|2026-07-01|06|2
f-6d9dbb2a08a5,images/train/f-6d9dbb2a08a5.png,train,fish,PIKE,2025-07-04T01:33:49,2025-07-04,1,night,fish,1,640,848,93.775,87.710,7.974,mid,high,smooth,neutral,PIKE|2025-07-04|01|3
f-6dc8156fef66,images/train/f-6dc8156fef66.png,train,fish,PIKE,2026-07-20T10:39:34,2026-07-20,10,day,fish,1,1280,960,117.201,69.376,10.401,mid,high,smooth,neutral,PIKE|2026-07-20|10|3
f-6dcc4698c491,images/train/f-6dcc4698c491.png,train,fish,EDGE_DEVICE,2026-07-23T19:45:17,2026-07-23,19,dusk,fish,1,1280,960,115.869,66.051,10.501,mid,high,smooth,neutral,EDGE_DEVICE|2026-07-23|19|4
f-6dcd1d59b277,images/train/f-6dcd1d59b277.png,train,fish,PIKE,2025-06-10T17:12:33,2025-06-10,17,day,fish,1,640,848,122.412,71.558,11.086,mid,high,smooth,neutral,PIKE|2025-06-10|17|1
f-6e38c85f18d3,images/train/f-6e38c85f18d3.png,train,fish,PIKE,2025-06-14T09:37:58,2025-06-14,9,day,fish,1,640,848,111.875,66.798,12.167,mid,high,medium,neutral,PIKE|2025-06-14|09|3
f-6eb28b3d162a,images/train/f-6eb28b3d162a.png,train,fish,PIKE,2025-06-14T10:27:30,2025-06-14,10,day,fish,1,640,848,116.373,71.828,12.063,mid,high,medium,neutral,PIKE|2025-06-14|10|2
f-6ee448ae7465,images/train/f-6ee448ae7465.png,train,hessen,IAHC2407,2026-07-20T19:29:50,2026-07-20,19,dusk,fish,1,1280,720,160.488,64.217,16.455,bright,high,medium,neutral,IAHC2407|2026-07-20|19|2
f-6f48fce249df,images/train/f-6f48fce249df.png,train,fish,PIKE,2025-06-10T18:55:42,2025-06-10,18,dusk,fish,1,640,848,133.560,74.016,12.039,mid,high,medium,neutral,PIKE|2025-06-10|18|5
f-6f645cd42f4f,images/train/f-6f645cd42f4f.png,train,fish,PIKE,2025-09-20T18:49:45,2025-09-20,18,dusk,fish,1,640,848,94.160,90.121,8.846,mid,high,smooth,neutral,PIKE|2025-09-20|18|4
f-6f9d243f180c,images/train/f-6f9d243f180c.png,train,fish,PIKE,2025-07-04T11:05:31,2025-07-04,11,day,fish,1,640,848,123.422,74.271,9.670,mid,high,smooth,neutral,PIKE|2025-07-04|11|0
f-6fa584183450,images/train/f-6fa584183450.png,train,fish,PIKE,2025-06-12T05:52:40,2025-06-12,5,night,fish,1,640,848,86.551,92.985,6.248,mid,high,smooth,neutral,PIKE|2025-06-12|05|5
f-700c9361def6,images/train/f-700c9361def6.png,train,fish,PIKE,2025-06-14T08:26:03,2025-06-14,8,dawn,no_fish,0,640,848,113.918,72.604,11.082,mid,high,smooth,neutral,PIKE|2025-06-14|08|2
f-7062984e76f7,images/train/f-7062984e76f7.png,train,fish,PIKE,2026-07-20T07:13:10,2026-07-20,7,dawn,no_fish,0,1280,960,123.484,73.010,9.506,mid,high,smooth,neutral,PIKE|2026-07-20|07|1
f-7088b282b3e1,images/train/f-7088b282b3e1.png,train,fish,PIKE,2026-02-25T17:07:53,2026-02-25,17,day,no_fish,0,768,1024,135.267,72.840,9.089,mid,high,smooth,neutral,PIKE|2026-02-25|17|0
f-7134ad9ea615,images/train/f-7134ad9ea615.png,train,fish,PIKE,2026-07-01T07:20:18,2026-07-01,7,dawn,fish,1,1024,768,118.227,80.155,6.020,mid,high,smooth,neutral,PIKE|2026-07-01|07|2
f-713e214e8e30,images/train/f-713e214e8e30.png,train,fish,PIKE,2026-07-01T09:12:46,2026-07-01,9,day,fish,2,1024,768,110.606,79.010,7.722,mid,high,smooth,neutral,PIKE|2026-07-01|09|1
f-71be01a2eefc,images/train/f-71be01a2eefc.png,train,fish,PIKE,2025-06-14T07:36:00,2025-06-14,7,dawn,fish,4,640,848,122.028,77.848,11.592,mid,high,smooth,neutral,PIKE|2025-06-14|07|3
f-71c576c15e1f,images/train/f-71c576c15e1f.png,train,fish,PIKE,2026-07-01T09:02:08,2026-07-01,9,day,fish,2,1024,768,113.329,79.458,7.397,mid,high,smooth,neutral,PIKE|2026-07-01|09|0
f-71c7d736d694,images/train/f-71c7d736d694.png,train,fish,PIKE,2025-06-10T19:17:47,2025-06-10,19,dusk,fish,2,640,848,129.344,71.817,12.360,mid,high,medium,neutral,PIKE|2025-06-10|19|1
f-71f86c735e82,images/train/f-71f86c735e82.png,train,fish,PIKE,2026-02-25T16:08:02,2026-02-25,16,day,no_fish,0,768,1024,127.329,71.191,8.006,mid,high,smooth,neutral,PIKE|2026-02-25|16|0
f-7212e1ef9654,images/train/f-7212e1ef9654.png,train,fish,PIKE,2026-07-20T07:48:11,2026-07-20,7,dawn,fish,1,1280,960,122.278,73.807,9.427,mid,high,smooth,neutral,PIKE|2026-07-20|07|4
f-7286ed7a14c7,images/train/f-7286ed7a14c7.png,train,fish,PIKE,2025-07-04T02:20:51,2025-07-04,2,night,fish,5,640,848,89.574,82.217,8.356,mid,high,smooth,neutral,PIKE|2025-07-04|02|2
f-7301295ecc00,images/train/f-7301295ecc00.png,train,fish,PIKE,2025-07-04T06:06:45,2025-07-04,6,dawn,fish,1,640,848,131.001,77.413,9.307,mid,high,smooth,neutral,PIKE|2025-07-04|06|0
f-73497621bd6e,images/train/f-73497621bd6e.png,train,fish,PIKE,2025-07-04T03:03:24,2025-07-04,3,night,fish,3,640,848,91.954,85.893,8.000,mid,high,smooth,neutral,PIKE|2025-07-04|03|0
f-7365ab1a4809,images/train/f-7365ab1a4809.png,train,fish,PIKE,2025-06-14T14:55:53,2025-06-14,14,day,no_fish,0,640,848,123.222,53.509,15.376,mid,medium,medium,neutral,PIKE|2025-06-14|14|5
f-73c22aec6aa2,images/train/f-73c22aec6aa2.png,train,fish,PIKE,2026-02-16T06:10:12,2026-02-16,6,dawn,no_fish,0,768,1024,194.862,65.595,13.403,bright,high,medium,neutral,PIKE|2026-02-16|06|1
f-73d427e614cb,images/train/f-73d427e614cb.png,train,fish,PIKE,2025-06-12T05:55:00,2025-06-12,5,night,fish,1,640,848,86.125,92.912,6.520,mid,high,smooth,neutral,PIKE|2025-06-12|05|5
f-744dc9f0f3bc,images/train/f-744dc9f0f3bc.png,train,fish,PIKE,2025-06-12T06:28:00,2025-06-12,6,dawn,fish,1,640,848,104.854,89.250,7.972,mid,high,smooth,blue,PIKE|2025-06-12|06|2
f-74ce522e199e,images/train/f-74ce522e199e.png,train,fish,EDGE_DEVICE,2026-07-24T07:40:34,2026-07-24,7,dawn,no_fish,0,1280,960,118.710,69.662,9.100,mid,high,smooth,neutral,EDGE_DEVICE|2026-07-24|07|4
f-769e4fb8d4e6,images/train/f-769e4fb8d4e6.png,train,fish,PIKE,2025-09-20T17:59:05,2025-09-20,17,day,no_fish,0,640,848,134.099,78.626,12.496,mid,high,medium,blue,PIKE|2025-09-20|17|5
f-76f5989c5661,images/train/f-76f5989c5661.png,train,fish,PIKE,2026-07-19T07:22:26,2026-07-19,7,dawn,fish,1,1280,960,126.086,74.934,10.736,mid,high,smooth,neutral,PIKE|2026-07-19|07|2
f-775a167ffc9b,images/train/f-775a167ffc9b.png,train,fish,PIKE,2026-02-25T18:45:23,2026-02-25,18,dusk,no_fish,0,768,1024,85.139,71.581,10.606,mid,high,smooth,neutral,PIKE|2026-02-25|18|4
f-776abc02c35c,images/train/f-776abc02c35c.png,train,fish,PIKE,2026-07-20T12:23:05,2026-07-20,12,day,fish,10,1280,720,140.312,54.680,15.517,mid,medium,medium,neutral,PIKE|2026-07-20|12|2
f-7815811dc0e1,images/train/f-7815811dc0e1.png,train,hessen,IAHC2407,2026-07-20T20:11:11,2026-07-20,20,dusk,no_fish,0,1280,720,138.042,61.202,16.947,mid,high,medium,neutral,IAHC2407|2026-07-20|20|1
f-7880f2d69ed6,images/train/f-7880f2d69ed6.png,train,fish,PIKE,2025-06-10T22:08:20,2025-06-10,22,night,fish,1,640,848,125.319,87.911,9.491,mid,high,smooth,neutral,PIKE|2025-06-10|22|0
f-7889bf52976a,images/train/f-7889bf52976a.png,train,fish,PIKE,2026-07-19T07:14:31,2026-07-19,7,dawn,fish,1,1280,960,119.264,73.596,10.198,mid,high,smooth,neutral,PIKE|2026-07-19|07|1
f-78cf0c511b72,images/train/f-78cf0c511b72.png,train,fish,PIKE,2025-06-14T20:06:15,2025-06-14,20,dusk,fish,1,640,848,129.055,72.444,12.550,mid,high,medium,neutral,PIKE|2025-06-14|20|0
f-78f2aae43625,images/train/f-78f2aae43625.png,train,fish,PIKE,2025-06-14T08:47:18,2025-06-14,8,dawn,no_fish,0,640,848,113.678,72.825,11.134,mid,high,smooth,neutral,PIKE|2025-06-14|08|4
f-79129d0b442a,images/train/f-79129d0b442a.png,train,fish,PIKE,2026-07-01T15:15:53,2026-07-01,15,day,fish,1,1024,768,113.092,79.164,6.552,mid,high,smooth,neutral,PIKE|2026-07-01|15|1
f-7918f5d86106,images/train/f-7918f5d86106.png,train,fish,PIKE,2025-06-12T06:41:38,2025-06-12,6,dawn,fish,1,640,848,121.290,88.846,10.260,mid,high,smooth,neutral,PIKE|2025-06-12|06|4
f-7922dcb57fdd,images/train/f-7922dcb57fdd.png,train,fish,EDGE_DEVICE,2026-07-23T19:44:16,2026-07-23,19,dusk,fish,1,1280,960,116.315,66.201,10.826,mid,high,smooth,neutral,EDGE_DEVICE|2026-07-23|19|4
f-79637ab436cb,images/train/f-79637ab436cb.png,train,fish,PIKE,2026-02-25T03:04:00,2026-02-25,3,night,no_fish,0,768,1024,137.843,83.317,14.936,mid,high,medium,neutral,PIKE|2026-02-25|03|0
f-79c09859deeb,images/train/f-79c09859deeb.png,train,fish,PIKE,2026-07-20T07:51:21,2026-07-20,7,dawn,fish,1,1280,960,124.702,73.039,9.530,mid,high,smooth,neutral,PIKE|2026-07-20|07|5
f-7a1477383ed7,images/train/f-7a1477383ed7.png,train,fish,PIKE,2025-09-20T19:16:22,2025-09-20,19,dusk,fish,2,640,848,94.985,91.415,8.643,mid,high,smooth,neutral,PIKE|2025-09-20|19|1
f-7a51da7846ea,images/train/f-7a51da7846ea.png,train,fish,PIKE,2026-07-20T07:58:38,2026-07-20,7,dawn,fish,1,1280,960,123.333,73.480,10.040,mid,high,smooth,neutral,PIKE|2026-07-20|07|5
f-7a8e425ebce2,images/train/f-7a8e425ebce2.png,train,fish,PIKE,2025-06-14T20:57:02,2025-06-14,20,dusk,no_fish,0,640,848,122.085,71.893,12.040,mid,high,medium,neutral,PIKE|2025-06-14|20|5
f-7ab56d95415a,images/train/f-7ab56d95415a.png,train,fish,PIKE,2025-06-12T06:28:00,2025-06-12,6,dawn,fish,2,640,848,100.761,88.694,7.417,mid,high,smooth,blue,PIKE|2025-06-12|06|2
f-7b3ced678243,images/train/f-7b3ced678243.png,train,fish,PIKE,2025-06-10T19:49:50,2025-06-10,19,dusk,fish,1,640,848,125.962,71.575,12.160,mid,high,medium,neutral,PIKE|2025-06-10|19|4
f-7b784aa8f5f3,images/train/f-7b784aa8f5f3.png,train,fish,PIKE,2026-02-16T07:57:36,2026-02-16,7,dawn,no_fish,0,768,1024,146.350,87.843,8.865,mid,high,smooth,neutral,PIKE|2026-02-16|07|5
f-7b8cc5f859a3,images/train/f-7b8cc5f859a3.png,train,fish,PIKE,2025-09-20T10:54:29,2025-09-20,10,day,fish,1,640,848,131.226,73.552,12.343,mid,high,medium,neutral,PIKE|2025-09-20|10|5
f-7c3307240b32,images/train/f-7c3307240b32.png,train,fish,PIKE,2025-06-14T08:42:40,2025-06-14,8,dawn,fish,1,640,848,120.499,74.663,11.670,mid,high,smooth,neutral,PIKE|2025-06-14|08|4
f-7c7f663afb1b,images/train/f-7c7f663afb1b.png,train,fish,PIKE,2025-06-12T03:47:41,2025-06-12,3,night,fish,1,640,848,85.496,92.210,6.352,mid,high,smooth,neutral,PIKE|2025-06-12|03|4
f-7ce4b45aab36,images/train/f-7ce4b45aab36.png,train,fish,PIKE,2025-06-12T05:55:00,2025-06-12,5,night,fish,1,640,848,86.460,92.281,6.807,mid,high,smooth,neutral,PIKE|2025-06-12|05|5
f-7d01674e0804,images/train/f-7d01674e0804.png,train,fish,PIKE,2025-09-20T06:33:48,2025-09-20,6,dawn,fish,1,640,848,135.699,81.282,11.339,mid,high,smooth,blue,PIKE|2025-09-20|06|3
f-7d9165a723ea,images/train/f-7d9165a723ea.png,train,fish,PIKE,2025-09-20T10:53:34,2025-09-20,10,day,fish,1,640,848,127.062,69.312,12.362,mid,high,medium,neutral,PIKE|2025-09-20|10|5
f-7db26e27ba7c,images/train/f-7db26e27ba7c.png,train,fish,PIKE,2025-09-20T19:30:19,2025-09-20,19,dusk,fish,1,640,848,94.965,91.530,8.583,mid,high,smooth,neutral,PIKE|2025-09-20|19|3
f-7ddf1ca336cb,images/train/f-7ddf1ca336cb.png,train,fish,PIKE,2025-09-20T15:03:28,2025-09-20,15,day,fish,1,640,848,138.052,72.408,13.928,mid,high,medium,blue,PIKE|2025-09-20|15|0
f-7e2630af42de,images/train/f-7e2630af42de.png,train,fish,PIKE,2025-06-14T19:22:11,2025-06-14,19,dusk,no_fish,0,640,848,112.497,64.964,11.410,mid,high,smooth,neutral,PIKE|2025-06-14|19|2
f-7e63d4df11fc,images/train/f-7e63d4df11fc.png,train,fish,PIKE,2026-02-25T21:26:46,2026-02-25,21,night,no_fish,0,768,1024,83.633,71.453,10.822,mid,high,smooth,neutral,PIKE|2026-02-25|21|2
f-7f0e212e0776,images/train/f-7f0e212e0776.png,train,fish,PIKE,2025-07-04T06:20:57,2025-07-04,6,dawn,fish,1,640,848,132.420,76.953,9.343,mid,high,smooth,neutral,PIKE|2025-07-04|06|2
f-80b8336b73cc,images/train/f-80b8336b73cc.png,train,fish,PIKE,2025-06-14T08:15:25,2025-06-14,8,dawn,fish,1,640,848,116.737,74.173,11.126,mid,high,smooth,neutral,PIKE|2025-06-14|08|1
f-80b8b32ccdb4,images/train/f-80b8b32ccdb4.png,train,fish,PIKE,2025-06-10T20:34:43,2025-06-10,20,dusk,fish,1,640,848,124.052,70.918,11.971,mid,high,smooth,neutral,PIKE|2025-06-10|20|3
f-80fad5283d2c,images/train/f-80fad5283d2c.png,train,fish,PIKE,2025-06-14T22:43:03,2025-06-14,22,night,fish,1,640,848,83.982,92.989,6.851,mid,high,smooth,neutral,PIKE|2025-06-14|22|4
f-810e197d1ffc,images/train/f-810e197d1ffc.png,train,fish,PIKE,2025-06-12T06:17:14,2025-06-12,6,dawn,fish,1,640,848,89.476,88.097,6.838,mid,high,smooth,neutral,PIKE|2025-06-12|06|1
f-813774a5ceb3,images/train/f-813774a5ceb3.png,train,fish,PIKE,2026-07-20T06:57:24,2026-07-20,6,dawn,fish,1,1280,960,127.699,75.366,9.069,mid,high,smooth,neutral,PIKE|2026-07-20|06|5
f-8138a8fa3863,images/train/f-8138a8fa3863.png,train,fish,PIKE,2025-09-20T06:48:25,2025-09-20,6,dawn,fish,1,640,848,135.625,78.912,12.045,mid,high,medium,blue,PIKE|2025-09-20|06|4
f-81992d4e2193,images/train/f-81992d4e2193.png,train,fish,EDGE_DEVICE,2026-07-24T07:49:57,2026-07-24,7,dawn,fish,1,1280,960,122.307,71.121,9.218,mid,high,smooth,neutral,EDGE_DEVICE|2026-07-24|07|4
f-81d36d5cedbb,images/train/f-81d36d5cedbb.png,train,fish,EDGE_DEVICE,2026-07-23T16:20:43,2026-07-23,16,day,no_fish,0,1280,960,117.481,68.185,9.926,mid,high,smooth,neutral,EDGE_DEVICE|2026-07-23|16|2
f-81f1b74e9697,images/train/f-81f1b74e9697.png,train,fish,PIKE,2025-06-12T06:32:53,2025-06-12,6,dawn,fish,2,640,848,90.317,85.794,9.411,mid,high,smooth,neutral,PIKE|2025-06-12|06|3
f-8210b90f46ef,images/train/f-8210b90f46ef.png,train,fish,PIKE,2026-02-25T18:05:55,2026-02-25,18,dusk,no_fish,0,768,1024,135.981,76.823,13.473,mid,high,medium,neutral,PIKE|2026-02-25|18|0
f-82573cd4a262,images/train/f-82573cd4a262.png,train,fish,EDGE_DEVICE,2026-07-23T19:38:21,2026-07-23,19,dusk,no_fish,0,1280,960,118.514,65.996,10.767,mid,high,smooth,neutral,EDGE_DEVICE|2026-07-23|19|3
f-825778be58cc,images/train/f-825778be58cc.png,train,fish,PIKE,2026-07-01T09:58:56,2026-07-01,9,day,no_fish,0,1024,768,111.299,79.824,6.836,mid,high,smooth,neutral,PIKE|2026-07-01|09|5
f-82c4ad586293,images/train/f-82c4ad586293.png,train,fish,PIKE,2025-06-14T12:25:38,2025-06-14,12,day,no_fish,0,640,848,100.705,71.937,13.768,mid,high,medium,neutral,PIKE|2025-06-14|12|2
f-82c8268cd5df,images/train/f-82c8268cd5df.png,train,fish,PIKE,2025-09-20T19:33:12,2025-09-20,19,dusk,fish,1,640,848,94.264,91.305,8.577,mid,high,smooth,neutral,PIKE|2025-09-20|19|3
f-82e166b89d85,images/train/f-82e166b89d85.png,train,fish,PIKE,2026-02-25T16:34:56,2026-02-25,16,day,no_fish,0,768,1024,127.956,73.031,7.371,mid,high,smooth,blue,PIKE|2026-02-25|16|3
f-82f3d9e46646,images/train/f-82f3d9e46646.png,train,fish,PIKE,2025-09-20T06:36:15,2025-09-20,6,dawn,fish,1,640,848,139.205,81.376,12.041,mid,high,medium,blue,PIKE|2025-09-20|06|3
f-832861fc2b96,images/train/f-832861fc2b96.png,train,fish,PIKE,2025-07-04T07:38:13,2025-07-04,7,dawn,fish,1,640,848,122.196,74.540,9.076,mid,high,smooth,neutral,PIKE|2025-07-04|07|3
f-839b8410aafb,images/train/f-839b8410aafb.png,train,fish,PIKE,2025-06-14T21:45:32,2025-06-14,21,night,fish,1,640,848,132.108,83.908,11.766,mid,high,smooth,neutral,PIKE|2025-06-14|21|4
f-839ce6ba1c2c,images/train/f-839ce6ba1c2c.png,train,fish,PIKE,2025-06-14T02:50:50,2025-06-14,2,night,fish,1,640,848,83.874,95.132,7.075,mid,high,smooth,neutral,PIKE|2025-06-14|02|5
f-83a86eabfcf7,images/train/f-83a86eabfcf7.png,train,fish,EDGE_DEVICE,2026-07-23T20:08:12,2026-07-23,20,dusk,fish,1,1280,960,118.014,66.043,10.707,mid,high,smooth,neutral,EDGE_DEVICE|2026-07-23|20|0
f-83b66661dc58,images/train/f-83b66661dc58.png,train,fish,PIKE,2025-06-14T10:20:07,2025-06-14,10,day,no_fish,0,640,848,113.109,69.098,11.818,mid,high,smooth,neutral,PIKE|2025-06-14|10|2
f-8412161b7573,images/train/f-8412161b7573.png,train,fish,PIKE,2025-06-10T15:30:25,2025-06-10,15,day,no_fish,0,640,848,130.723,71.347,9.357,mid,high,smooth,neutral,PIKE|2025-06-10|15|3
f-8485968a6a83,images/train/f-8485968a6a83.png,train,fish,PIKE,2025-09-20T06:40:12,2025-09-20,6,dawn,fish,1,640,848,138.417,79.904,11.825,mid,high,smooth,blue,PIKE|2025-09-20|06|4
f-84bcf8d2accb,images/train/f-84bcf8d2accb.png,train,fish,PIKE,2025-06-12T06:28:00,2025-06-12,6,dawn,fish,1,640,848,106.242,90.044,7.922,mid,high,smooth,blue,PIKE|2025-06-12|06|2
f-84d7d230bd58,images/train/f-84d7d230bd58.png,train,fish,PIKE,2025-06-14T11:40:18,2025-06-14,11,day,no_fish,0,640,848,106.246,84.104,11.019,mid,high,smooth,neutral,PIKE|2025-06-14|11|4
f-85427abac1da,images/train/f-85427abac1da.png,train,fish,PIKE,2025-07-04T03:01:10,2025-07-04,3,night,fish,3,640,848,92.044,84.260,7.929,mid,high,smooth,neutral,PIKE|2025-07-04|03|0
f-8545be38aa08,images/train/f-8545be38aa08.png,train,hessen,IAHC2407,2026-07-20T20:09:59,2026-07-20,20,dusk,no_fish,0,1280,720,138.845,62.446,18.565,mid,high,medium,neutral,IAHC2407|2026-07-20|20|0
f-85514eb3133d,images/train/f-85514eb3133d.png,train,fish,PIKE,2025-09-20T19:16:12,2025-09-20,19,dusk,fish,1,640,848,94.624,91.195,8.464,mid,high,smooth,neutral,PIKE|2025-09-20|19|1
f-856d50e68252,images/train/f-856d50e68252.png,train,fish,EDGE_DEVICE,2026-07-24T07:47:19,2026-07-24,7,dawn,fish,1,1280,960,119.477,70.775,9.312,mid,high,smooth,neutral,EDGE_DEVICE|2026-07-24|07|4
f-8599a9d76eb3,images/train/f-8599a9d76eb3.png,train,fish,PIKE,2026-02-25T15:52:49,2026-02-25,15,day,no_fish,0,768,1024,128.140,72.137,7.975,mid,high,smooth,neutral,PIKE|2026-02-25|15|5
f-85ccb4eadf2b,images/train/f-85ccb4eadf2b.png,train,fish,PIKE,2025-06-10T19:09:42,2025-06-10,19,dusk,no_fish,0,640,848,128.740,72.380,11.844,mid,high,smooth,neutral,PIKE|2025-06-10|19|0
f-8676baa5018d,images/train/f-8676baa5018d.png,train,fish,PIKE,2025-06-12T06:41:38,2025-06-12,6,dawn,fish,1,640,848,123.319,89.921,9.304,mid,high,smooth,neutral,PIKE|2025-06-12|06|4
f-86ca36c2cf1d,images/train/f-86ca36c2cf1d.png,train,fish,PIKE,2025-09-20T13:17:49,2025-09-20,13,day,fish,1,640,848,131.165,70.534,12.667,mid,high,medium,neutral,PIKE|2025-09-20|13|1
f-872f38c75d05,images/train/f-872f38c75d05.png,train,fish,PIKE,2025-06-14T10:20:00,2025-06-14,10,day,no_fish,0,640,848,113.802,69.245,11.901,mid,high,smooth,neutral,PIKE|2025-06-14|10|2
f-874bf841177c,images/train/f-874bf841177c.png,train,fish,PIKE,2026-07-20T08:23:42,2026-07-20,8,dawn,fish,1,1280,960,117.892,73.103,9.496,mid,high,smooth,neutral,PIKE|2026-07-20|08|2
f-87589dd7ccd8,images/train/f-87589dd7ccd8.png,train,fish,PIKE,2026-07-20T12:23:20,2026-07-20,12,day,fish,10,1280,720,135.953,54.599,14.159,mid,medium,medium,neutral,PIKE|2026-07-20|12|2
f-877da6d3a476,images/train/f-877da6d3a476.png,train,fish,EDGE_DEVICE,2026-07-24T07:06:46,2026-07-24,7,dawn,fish,1,1280,960,121.345,71.113,9.554,mid,high,smooth,neutral,EDGE_DEVICE|2026-07-24|07|0
f-87eadd8309ea,images/train/f-87eadd8309ea.png,train,fish,PIKE,2025-06-14T11:10:26,2025-06-14,11,day,fish,1,640,848,114.441,77.205,11.874,mid,high,smooth,neutral,PIKE|2025-06-14|11|1
f-892a03cdbe5d,images/train/f-892a03cdbe5d.png,train,fish,PIKE,2025-06-14T08:09:55,2025-06-14,8,dawn,fish,1,640,848,114.483,73.933,11.347,mid,high,smooth,neutral,PIKE|2025-06-14|08|0
f-899f9ffd6882,images/train/f-899f9ffd6882.png,train,fish,PIKE,2025-09-20T06:39:44,2025-09-20,6,dawn,fish,1,640,848,138.563,80.707,11.824,mid,high,smooth,blue,PIKE|2025-09-20|06|3
f-89b0117124c4,images/train/f-89b0117124c4.png,train,fish,PIKE,2026-07-01T19:26:56,2026-07-01,19,dusk,fish,1,1024,768,114.604,75.138,8.922,mid,high,smooth,neutral,PIKE|2026-07-01|19|2
f-8c0c9214eb32,images/train/f-8c0c9214eb32.png,train,fish,PIKE,2025-06-14T20:23:13,2025-06-14,20,dusk,fish,1,640,848,124.192,70.516,12.397,mid,high,medium,neutral,PIKE|2025-06-14|20|2
f-8c6468bb94bc,images/train/f-8c6468bb94bc.png,train,fish,PIKE,2025-06-10T17:07:53,2025-06-10,17,day,fish,1,640,848,118.696,69.545,11.006,mid,high,smooth,neutral,PIKE|2025-06-10|17|0
f-8c68ecce83bb,images/train/f-8c68ecce83bb.png,train,fish,PIKE,2025-06-14T14:55:49,2025-06-14,14,day,no_fish,0,640,848,124.172,53.259,15.662,mid,medium,medium,neutral,PIKE|2025-06-14|14|5
f-8cd6e888c30a,images/train/f-8cd6e888c30a.png,train,fish,PIKE,2025-06-12T06:28:00,2025-06-12,6,dawn,fish,3,640,848,100.151,88.242,7.504,mid,high,smooth,blue,PIKE|2025-06-12|06|2
f-8d1c7ab997e2,images/train/f-8d1c7ab997e2.png,train,fish,PIKE,2025-07-04T02:20:42,2025-07-04,2,night,fish,2,640,848,91.788,84.471,7.986,mid,high,smooth,neutral,PIKE|2025-07-04|02|2
f-8d9598197859,images/train/f-8d9598197859.png,train,fish,PIKE,2025-06-10T19:57:05,2025-06-10,19,dusk,fish,1,640,848,122.155,69.405,12.163,mid,high,medium,neutral,PIKE|2025-06-10|19|5
f-8eb0ca34a5e6,images/train/f-8eb0ca34a5e6.png,train,fish,PIKE,2025-07-04T08:01:09,2025-07-04,8,dawn,fish,1,640,848,119.492,73.828,8.949,mid,high,smooth,neutral,PIKE|2025-07-04|08|0
f-8eb48ca993a5,images/train/f-8eb48ca993a5.png,train,fish,EDGE_DEVICE,2026-07-24T07:42:15,2026-07-24,7,dawn,fish,1,1280,960,121.589,69.760,9.105,mid,high,smooth,neutral,EDGE_DEVICE|2026-07-24|07|4
f-8eb50bd52e5b,images/train/f-8eb50bd52e5b.png,train,fish,PIKE,2025-07-04T11:57:28,2025-07-04,11,day,fish,1,640,848,163.954,79.526,10.934,bright,high,smooth,neutral,PIKE|2025-07-04|11|5
f-8f7f792e8718,images/train/f-8f7f792e8718.png,train,fish,PIKE,2025-09-20T20:23:02,2025-09-20,20,dusk,fish,1,640,848,94.412,90.022,8.613,mid,high,smooth,neutral,PIKE|2025-09-20|20|2
f-8fd6e0ca990e,images/train/f-8fd6e0ca990e.png,train,fish,PIKE,2025-06-12T02:56:57,2025-06-12,2,night,fish,1,640,848,84.172,91.298,6.592,mid,high,smooth,neutral,PIKE|2025-06-12|02|5
f-8ff9a203736e,images/train/f-8ff9a203736e.png,train,fish,PIKE,2025-06-10T22:36:24,2025-06-10,22,night,fish,1,640,848,92.046,88.325,6.651,mid,high,smooth,neutral,PIKE|2025-06-10|22|3
f-904af4777957,images/train/f-904af4777957.png,train,fish,PIKE,2026-07-19T07:29:29,2026-07-19,7,dawn,no_fish,0,1280,960,122.367,73.074,10.790,mid,high,smooth,neutral,PIKE|2026-07-19|07|2
f-904b6dc4dffb,images/train/f-904b6dc4dffb.png,train,fish,EDGE_DEVICE,2026-07-23T20:02:44,2026-07-23,20,dusk,no_fish,0,1280,960,118.797,66.223,10.724,mid,high,smooth,neutral,EDGE_DEVICE|2026-07-23|20|0
f-90c1def1f70c,images/train/f-90c1def1f70c.png,train,fish,PIKE,2026-07-20T10:39:24,2026-07-20,10,day,fish,1,1280,960,118.842,70.606,10.076,mid,high,smooth,neutral,PIKE|2026-07-20|10|3
f-910f7e76c690,images/train/f-910f7e76c690.png,train,fish,PIKE,2026-02-25T10:01:14,2026-02-25,10,day,no_fish,0,768,1024,137.264,79.042,17.098,mid,high,medium,neutral,PIKE|2026-02-25|10|0
f-913d4fd38b96,images/train/f-913d4fd38b96.png,train,fish,PIKE,2025-07-04T11:54:52,2025-07-04,11,day,fish,1,640,848,116.347,66.678,9.139,mid,high,smooth,neutral,PIKE|2025-07-04|11|5
f-91f18d9b3390,images/train/f-91f18d9b3390.png,train,fish,EDGE_DEVICE,2026-07-24T07:03:05,2026-07-24,7,dawn,fish,1,1280,960,123.518,71.979,10.647,mid,high,smooth,neutral,EDGE_DEVICE|2026-07-24|07|0
f-921de8de02db,images/train/f-921de8de02db.png,train,fish,PIKE,2025-06-12T06:41:38,2025-06-12,6,dawn,fish,1,640,848,123.448,90.121,9.397,mid,high,smooth,neutral,PIKE|2025-06-12|06|4
f-927c589ef405,images/train/f-927c589ef405.png,train,fish,PIKE,2025-06-12T06:26:17,2025-06-12,6,dawn,fish,1,640,848,99.147,87.379,7.548,mid,high,smooth,blue,PIKE|2025-06-12|06|2
f-92a2f993ad8c,images/train/f-92a2f993ad8c.png,train,fish,PIKE,2025-06-12T06:25:50,2025-06-12,6,dawn,fish,1,640,848,98.048,87.414,7.473,mid,high,smooth,blue,PIKE|2025-06-12|06|2
f-92c053ff47c7,images/train/f-92c053ff47c7.png,train,fish,PIKE,2026-07-01T19:27:15,2026-07-01,19,dusk,fish,1,1024,768,114.514,76.014,8.735,mid,high,smooth,neutral,PIKE|2026-07-01|19|2
f-930d4180ddac,images/train/f-930d4180ddac.png,train,fish,PIKE,2025-06-14T14:48:45,2025-06-14,14,day,fish,1,640,848,109.552,52.654,14.842,mid,medium,medium,neutral,PIKE|2025-06-14|14|4
f-93ca55e7e794,images/train/f-93ca55e7e794.png,train,fish,PIKE,2026-07-20T12:23:18,2026-07-20,12,day,fish,10,1280,720,131.530,53.665,13.681,mid,medium,medium,neutral,PIKE|2026-07-20|12|2
f-93daad443591,images/train/f-93daad443591.png,train,fish,PIKE,2025-06-14T22:29:40,2025-06-14,22,night,no_fish,0,640,848,92.542,90.047,7.378,mid,high,smooth,neutral,PIKE|2025-06-14|22|2
f-9456e19807f0,images/train/f-9456e19807f0.png,train,fish,PIKE,2026-07-01T12:33:28,2026-07-01,12,day,fish,1,1024,768,113.664,79.932,5.982,mid,high,smooth,neutral,PIKE|2026-07-01|12|3
f-9478b9817b5d,images/train/f-9478b9817b5d.png,train,fish,PIKE,2026-07-19T10:38:41,2026-07-19,10,day,fish,1,1280,960,120.874,74.818,10.729,mid,high,smooth,neutral,PIKE|2026-07-19|10|3
f-9509d0bd6694,images/train/f-9509d0bd6694.png,train,hessen,IAHC2407,2026-07-20T20:09:08,2026-07-20,20,dusk,no_fish,0,1280,720,143.191,62.594,15.921,mid,high,medium,neutral,IAHC2407|2026-07-20|20|0
f-95778c58e4e4,images/train/f-95778c58e4e4.png,train,fish,PIKE,2025-06-14T07:25:40,2025-06-14,7,dawn,fish,1,640,848,127.022,79.942,11.464,mid,high,smooth,blue,PIKE|2025-06-14|07|2
f-959756629e92,images/train/f-959756629e92.png,train,fish,PIKE,2026-07-01T22:10:51,2026-07-01,22,night,fish,1,1024,768,113.759,82.464,8.863,mid,high,smooth,neutral,PIKE|2026-07-01|22|1
f-95bb62e1ee01,images/train/f-95bb62e1ee01.png,train,fish,PIKE,2026-02-25T10:03:29,2026-02-25,10,day,no_fish,0,768,1024,133.267,79.216,16.742,mid,high,medium,neutral,PIKE|2026-02-25|10|0
f-961b6a879ccc,images/train/f-961b6a879ccc.png,train,fish,EDGE_DEVICE,2026-07-23T19:56:04,2026-07-23,19,dusk,no_fish,0,1280,960,118.279,65.624,11.121,mid,high,smooth,neutral,EDGE_DEVICE|2026-07-23|19|5
f-966558cf2fef,images/train/f-966558cf2fef.png,train,fish,PIKE,2025-06-14T06:31:26,2025-06-14,6,dawn,fish,1,640,848,99.399,90.420,7.677,mid,high,smooth,blue,PIKE|2025-06-14|06|3
f-972a1ac6a148,images/train/f-972a1ac6a148.png,train,fish,PIKE,2025-09-20T17:07:31,2025-09-20,17,day,fish,1,640,848,131.260,73.027,14.311,mid,high,medium,blue,PIKE|2025-09-20|17|0
f-973586e703a4,images/train/f-973586e703a4.png,train,fish,PIKE,2026-02-25T19:57:37,2026-02-25,19,dusk,no_fish,0,768,1024,85.084,72.399,10.653,mid,high,smooth,neutral,PIKE|2026-02-25|19|5
f-97c0883e44ed,images/train/f-97c0883e44ed.png,train,fish,EDGE_DEVICE,2026-07-24T06:55:59,2026-07-24,6,dawn,fish,1,1280,960,121.121,70.795,11.297,mid,high,smooth,neutral,EDGE_DEVICE|2026-07-24|06|5
f-97c946989618,images/train/f-97c946989618.png,train,fish,PIKE,2025-06-10T17:57:15,2025-06-10,17,day,fish,1,640,848,115.662,66.498,11.254,mid,high,smooth,neutral,PIKE|2025-06-10|17|5
f-9818ac51f5c7,images/train/f-9818ac51f5c7.png,train,fish,PIKE,2025-06-10T18:36:15,2025-06-10,18,dusk,fish,1,640,848,128.689,70.929,11.871,mid,high,smooth,neutral,PIKE|2025-06-10|18|3
f-985ff92eac08,images/train/f-985ff92eac08.png,train,fish,PIKE,2026-07-20T07:58:51,2026-07-20,7,dawn,fish,1,1280,960,122.326,73.507,9.612,mid,high,smooth,neutral,PIKE|2026-07-20|07|5
f-98b53a19ca2f,images/train/f-98b53a19ca2f.png,train,fish,PIKE,2026-02-25T09:35:43,2026-02-25,9,day,no_fish,0,768,1024,132.052,77.424,17.349,mid,high,medium,neutral,PIKE|2026-02-25|09|3
f-98d09cb7fc12,images/train/f-98d09cb7fc12.png,train,fish,PIKE,2025-06-14T21:03:01,2025-06-14,21,night,no_fish,0,640,848,120.930,70.933,12.016,mid,high,medium,neutral,PIKE|2025-06-14|21|0
f-98f6f7c42959,images/train/f-98f6f7c42959.png,train,fish,PIKE,2026-07-01T09:13:39,2026-07-01,9,day,fish,1,1024,768,114.074,79.656,7.831,mid,high,smooth,neutral,PIKE|2026-07-01|09|1
f-98fb146c8b81,images/train/f-98fb146c8b81.png,train,fish,PIKE,2025-06-14T09:28:54,2025-06-14,9,day,fish,1,640,848,110.056,67.013,11.838,mid,high,smooth,neutral,PIKE|2025-06-14|09|2
f-9a05a4cff536,images/train/f-9a05a4cff536.png,train,fish,PIKE,2025-09-20T13:17:42,2025-09-20,13,day,fish,1,640,848,136.962,71.665,12.968,mid,high,medium,neutral,PIKE|2025-09-20|13|1
f-9a5bdde97e99,images/train/f-9a5bdde97e99.png,train,fish,PIKE,2026-07-01T09:21:54,2026-07-01,9,day,fish,1,1024,768,124.665,81.610,8.287,mid,high,smooth,neutral,PIKE|2026-07-01|09|2
f-9a8c4ff72287,images/train/f-9a8c4ff72287.png,train,fish,EDGE_DEVICE,2026-07-23T16:22:25,2026-07-23,16,day,no_fish,0,1280,960,116.555,67.010,9.811,mid,high,smooth,neutral,EDGE_DEVICE|2026-07-23|16|2
f-9a93e69bfcc6,images/train/f-9a93e69bfcc6.png,train,fish,PIKE,2025-06-14T11:53:46,2025-06-14,11,day,fish,1,640,848,99.296,69.158,9.889,mid,high,smooth,neutral,PIKE|2025-06-14|11|5
f-9aa825755a0f,images/train/f-9aa825755a0f.png,train,fish,PIKE,2026-07-20T06:48:09,2026-07-20,6,dawn,no_fish,0,1280,960,124.766,73.892,9.667,mid,high,smooth,neutral,PIKE|2026-07-20|06|4
f-9b60ce4cbba7,images/train/f-9b60ce4cbba7.png,train,hessen,IAHC2407,2026-07-20T19:25:21,2026-07-20,19,dusk,fish,2,1280,720,137.854,60.699,13.752,mid,high,medium,neutral,IAHC2407|2026-07-20|19|2
f-9b6567726024,images/train/f-9b6567726024.png,train,fish,PIKE,2025-06-12T06:41:38,2025-06-12,6,dawn,fish,1,640,848,121.382,88.692,9.359,mid,high,smooth,neutral,PIKE|2025-06-12|06|4
f-9b68a6cd81aa,images/train/f-9b68a6cd81aa.png,train,fish,PIKE,2025-06-12T06:41:38,2025-06-12,6,dawn,fish,1,640,848,121.018,89.781,9.518,mid,high,smooth,neutral,PIKE|2025-06-12|06|4
f-9ba7b4be4211,images/train/f-9ba7b4be4211.png,train,fish,EDGE_DEVICE,2026-07-24T07:52:50,2026-07-24,7,dawn,fish,1,1280,960,124.846,71.409,9.042,mid,high,smooth,neutral,EDGE_DEVICE|2026-07-24|07|5
f-9bface3387b7,images/train/f-9bface3387b7.png,train,fish,PIKE,2025-06-12T06:28:00,2025-06-12,6,dawn,fish,2,640,848,95.972,86.035,8.021,mid,high,smooth,blue,PIKE|2025-06-12|06|2
f-9c0843960798,images/train/f-9c0843960798.png,train,fish,PIKE,2025-06-14T08:44:02,2025-06-14,8,dawn,no_fish,0,640,848,116.538,72.423,11.268,mid,high,smooth,neutral,PIKE|2025-06-14|08|4
f-9c34f30f1bcb,images/train/f-9c34f30f1bcb.png,train,fish,PIKE,2026-02-25T17:08:48,2026-02-25,17,day,no_fish,0,768,1024,131.900,70.425,9.064,mid,high,smooth,blue,PIKE|2026-02-25|17|0
f-9c37434aa7f2,images/train/f-9c37434aa7f2.png,train,fish,EDGE_DEVICE,2026-07-24T08:08:06,2026-07-24,8,dawn,no_fish,0,1280,960,123.083,70.508,8.885,mid,high,smooth,neutral,EDGE_DEVICE|2026-07-24|08|0
f-9c5c0728c65e,images/train/f-9c5c0728c65e.png,train,fish,PIKE,2025-06-10T18:52:20,2025-06-10,18,dusk,no_fish,0,640,848,132.881,73.509,11.966,mid,high,smooth,neutral,PIKE|2025-06-10|18|5
f-9c8402e39f5b,images/train/f-9c8402e39f5b.png,train,fish,PIKE,2025-06-14T14:52:56,2025-06-14,14,day,fish,2,640,848,122.038,49.936,15.960,mid,medium,medium,neutral,PIKE|2025-06-14|14|5
f-9d01d76811f7,images/train/f-9d01d76811f7.png,train,fish,PIKE,2025-09-20T17:57:53,2025-09-20,17,day,fish,1,640,848,132.973,77.377,12.726,mid,high,medium,blue,PIKE|2025-09-20|17|5
f-9d37fc68b663,images/train/f-9d37fc68b663.png,train,fish,PIKE,2025-06-12T02:56:57,2025-06-12,2,night,fish,1,640,848,85.303,92.452,6.478,mid,high,smooth,neutral,PIKE|2025-06-12|02|5
f-9dee7434e518,images/train/f-9dee7434e518.png,train,fish,PIKE,2026-07-20T07:57:24,2026-07-20,7,dawn,fish,1,1280,960,122.600,73.994,9.862,mid,high,smooth,neutral,PIKE|2026-07-20|07|5
f-9e040fa4757c,images/train/f-9e040fa4757c.png,train,fish,PIKE,2026-07-01T06:24:55,2026-07-01,6,dawn,fish,1,1024,768,114.757,82.386,5.901,mid,high,smooth,neutral,PIKE|2026-07-01|06|2
f-9e41e97f1a24,images/train/f-9e41e97f1a24.png,train,hessen,IAHC2407,2026-07-20T20:10:20,2026-07-20,20,dusk,no_fish,0,1280,720,145.625,62.365,14.645,mid,high,medium,neutral,IAHC2407|2026-07-20|20|1
f-9ee366c5dc72,images/train/f-9ee366c5dc72.png,train,fish,PIKE,2025-06-14T21:01:44,2025-06-14,21,night,no_fish,0,640,848,122.512,71.929,11.966,mid,high,smooth,neutral,PIKE|2025-06-14|21|0
f-9f4ebceae213,images/train/f-9f4ebceae213.png,train,fish,PIKE,2025-06-12T05:55:00,2025-06-12,5,night,fish,1,640,848,84.383,90.010,6.815,mid,high,smooth,neutral,PIKE|2025-06-12|05|5
f-9f5b27409b16,images/train/f-9f5b27409b16.png,train,fish,PIKE,2025-06-14T20:58:44,2025-06-14,20,dusk,no_fish,0,640,848,119.663,70.848,11.853,mid,high,smooth,neutral,PIKE|2025-06-14|20|5
f-a042cdbebaea,images/train/f-a042cdbebaea.png,train,fish,PIKE,2026-07-20T07:58:50,2026-07-20,7,dawn,fish,1,1280,960,122.899,74.197,9.908,mid,high,smooth,neutral,PIKE|2026-07-20|07|5
f-a1e67f4f0916,images/train/f-a1e67f4f0916.png,train,fish,PIKE,2025-06-10T17:03:54,2025-06-10,17,day,fish,1,640,848,124.128,72.078,11.382,mid,high,smooth,neutral,PIKE|2025-06-10|17|0
f-a200a12a478b,images/train/f-a200a12a478b.png,train,fish,PIKE,2025-06-12T06:28:00,2025-06-12,6,dawn,fish,1,640,848,101.066,88.172,7.381,mid,high,smooth,blue,PIKE|2025-06-12|06|2
f-a29a7b0882a1,images/train/f-a29a7b0882a1.png,train,fish,PIKE,2025-06-12T05:53:09,2025-06-12,5,night,fish,1,640,848,85.486,92.518,6.521,mid,high,smooth,neutral,PIKE|2025-06-12|05|5
f-a29c14440987,images/train/f-a29c14440987.png,train,fish,PIKE,2026-02-16T06:07:30,2026-02-16,6,dawn,no_fish,0,768,1024,188.757,67.394,13.397,bright,high,medium,neutral,PIKE|2026-02-16|06|0
f-a2ece9c93d9f,images/train/f-a2ece9c93d9f.png,train,fish,PIKE,2026-02-25T18:01:00,2026-02-25,18,dusk,no_fish,0,768,1024,133.795,77.676,13.417,mid,high,medium,neutral,PIKE|2026-02-25|18|0
f-a30b766221a9,images/train/f-a30b766221a9.png,train,fish,PIKE,2025-07-04T08:48:31,2025-07-04,8,dawn,fish,1,640,848,128.709,76.647,9.482,mid,high,smooth,neutral,PIKE|2025-07-04|08|4
f-a32b0ed4c539,images/train/f-a32b0ed4c539.png,train,fish,PIKE,2025-06-14T19:49:36,2025-06-14,19,dusk,no_fish,0,640,848,117.038,66.938,12.120,mid,high,medium,neutral,PIKE|2025-06-14|19|4
f-a37378e50f5c,images/train/f-a37378e50f5c.png,train,fish,PIKE,2025-09-20T13:19:12,2025-09-20,13,day,fish,1,640,848,123.677,67.664,12.027,mid,high,medium,neutral,PIKE|2025-09-20|13|1
f-a3836e0ae8c1,images/train/f-a3836e0ae8c1.png,train,fish,PIKE,2025-09-20T06:36:09,2025-09-20,6,dawn,fish,1,640,848,138.875,81.298,11.733,mid,high,smooth,blue,PIKE|2025-09-20|06|3
f-a41fc35fe464,images/train/f-a41fc35fe464.png,train,fish,PIKE,2026-07-01T03:03:53,2026-07-01,3,night,no_fish,0,1024,768,115.059,83.617,9.116,mid,high,smooth,neutral,PIKE|2026-07-01|03|0
f-a4209f881aad,images/train/f-a4209f881aad.png,train,fish,PIKE,2025-06-14T14:51:09,2025-06-14,14,day,fish,1,640,848,116.794,51.381,15.803,mid,medium,medium,neutral,PIKE|2025-06-14|14|5
f-a454c1ec1b07,images/train/f-a454c1ec1b07.png,train,fish,PIKE,2025-06-12T06:28:00,2025-06-12,6,dawn,fish,2,640,848,100.870,87.863,7.424,mid,high,smooth,blue,PIKE|2025-06-12|06|2
f-a472a78f1c49,images/train/f-a472a78f1c49.png,train,fish,PIKE,2026-07-01T22:50:03,2026-07-01,22,night,fish,1,1024,768,113.786,82.014,8.571,mid,high,smooth,neutral,PIKE|2026-07-01|22|5
f-a4a66f6a3057,images/train/f-a4a66f6a3057.png,train,fish,PIKE,2025-07-04T02:27:28,2025-07-04,2,night,fish,3,640,848,90.866,83.564,7.952,mid,high,smooth,neutral,PIKE|2025-07-04|02|2
f-a4a85f826351,images/train/f-a4a85f826351.png,train,fish,PIKE,2026-07-20T12:23:21,2026-07-20,12,day,fish,10,1280,720,139.070,55.085,14.347,mid,high,medium,neutral,PIKE|2026-07-20|12|2
f-a4c1dc6a12f0,images/train/f-a4c1dc6a12f0.png,train,fish,EDGE_DEVICE,2026-07-24T07:00:30,2026-07-24,7,dawn,fish,1,1280,960,123.238,71.295,10.633,mid,high,smooth,neutral,EDGE_DEVICE|2026-07-24|07|0
f-a50170a65b4c,images/train/f-a50170a65b4c.png,train,fish,EDGE_DEVICE,2026-07-23T19:55:48,2026-07-23,19,dusk,fish,1,1280,960,118.921,66.485,10.790,mid,high,smooth,neutral,EDGE_DEVICE|2026-07-23|19|5
f-a512f4d2c2fa,images/train/f-a512f4d2c2fa.png,train,fish,PIKE,2025-06-12T05:55:00,2025-06-12,5,night,fish,1,640,848,87.814,93.743,6.794,mid,high,smooth,neutral,PIKE|2025-06-12|05|5
f-a54e2109154f,images/train/f-a54e2109154f.png,train,fish,PIKE,2025-07-04T02:03:29,2025-07-04,2,night,fish,1,640,848,90.784,85.074,8.029,mid,high,smooth,neutral,PIKE|2025-07-04|02|0
f-a552e50a2a8c,images/train/f-a552e50a2a8c.png,train,fish,PIKE,2025-06-14T10:02:14,2025-06-14,10,day,fish,1,640,848,117.108,70.087,12.096,mid,high,medium,neutral,PIKE|2025-06-14|10|0
f-a5ae0c5c6147,images/train/f-a5ae0c5c6147.png,train,fish,PIKE,2026-02-25T21:21:02,2026-02-25,21,night,no_fish,0,768,1024,83.336,71.539,10.655,mid,high,smooth,neutral,PIKE|2026-02-25|21|2
f-a5defaee91de,images/train/f-a5defaee91de.png,train,fish,PIKE,2025-06-14T21:03:22,2025-06-14,21,night,no_fish,0,640,848,120.402,70.273,12.056,mid,high,medium,neutral,PIKE|2025-06-14|21|0
f-a603586f3e26,images/train/f-a603586f3e26.png,train,fish,PIKE,2025-06-14T09:24:04,2025-06-14,9,day,fish,1,640,848,108.246,66.666,11.623,mid,high,smooth,neutral,PIKE|2025-06-14|09|2
f-a659e3575902,images/train/f-a659e3575902.png,train,fish,PIKE,2026-07-19T07:19:37,2026-07-19,7,dawn,fish,1,1280,960,123.397,75.080,9.611,mid,high,smooth,neutral,PIKE|2026-07-19|07|1
f-a663bfe8c2b9,images/train/f-a663bfe8c2b9.png,train,fish,PIKE,2026-07-20T10:39:28,2026-07-20,10,day,fish,2,1280,960,116.274,69.215,10.128,mid,high,smooth,neutral,PIKE|2026-07-20|10|3
f-a6f7aae2fe9f,images/train/f-a6f7aae2fe9f.png,train,fish,PIKE,2025-09-20T06:32:07,2025-09-20,6,dawn,fish,1,640,848,137.422,82.370,11.250,mid,high,smooth,blue,PIKE|2025-09-20|06|3
f-a7a165718953,images/train/f-a7a165718953.png,train,fish,PIKE,2025-06-14T20:20:30,2025-06-14,20,dusk,fish,1,640,848,125.334,70.984,12.699,mid,high,medium,neutral,PIKE|2025-06-14|20|2
f-a7e906a6ebe5,images/train/f-a7e906a6ebe5.png,train,fish,EDGE_DEVICE,2026-07-24T07:48:21,2026-07-24,7,dawn,no_fish,0,1280,960,120.812,70.863,9.145,mid,high,smooth,neutral,EDGE_DEVICE|2026-07-24|07|4
f-a927445d5cbc,images/train/f-a927445d5cbc.png,train,fish,PIKE,2026-07-19T07:02:40,2026-07-19,7,dawn,fish,1,1280,960,125.643,76.423,10.104,mid,high,smooth,neutral,PIKE|2026-07-19|07|0
f-a96fdd4e5af0,images/train/f-a96fdd4e5af0.png,train,fish,PIKE,2026-07-20T12:23:27,2026-07-20,12,day,fish,10,1280,720,144.552,56.046,14.568,mid,high,medium,neutral,PIKE|2026-07-20|12|2
f-a9996cb8c1fe,images/train/f-a9996cb8c1fe.png,train,fish,PIKE,2025-06-14T14:56:15,2025-06-14,14,day,fish,2,640,848,120.861,53.814,15.255,mid,medium,medium,neutral,PIKE|2025-06-14|14|5
f-a9b277c5089e,images/train/f-a9b277c5089e.png,train,fish,PIKE,2026-02-25T18:47:21,2026-02-25,18,dusk,no_fish,0,768,1024,84.594,71.040,10.694,mid,high,smooth,neutral,PIKE|2026-02-25|18|4
f-a9d2d3d18e76,images/train/f-a9d2d3d18e76.png,train,fish,EDGE_DEVICE,2026-07-23T19:36:22,2026-07-23,19,dusk,fish,1,1280,960,118.768,66.962,10.682,mid,high,smooth,neutral,EDGE_DEVICE|2026-07-23|19|3
f-a9f36ec67ef5,images/train/f-a9f36ec67ef5.png,train,fish,PIKE,2025-06-14T08:10:17,2025-06-14,8,dawn,fish,1,640,848,114.059,73.498,11.267,mid,high,smooth,neutral,PIKE|2025-06-14|08|1
f-a9f48876fd04,images/train/f-a9f48876fd04.png,train,fish,PIKE,2025-09-20T06:58:11,2025-09-20,6,dawn,fish,1,640,848,136.392,78.083,12.608,mid,high,medium,blue,PIKE|2025-09-20|06|5
f-a9f589877583,images/train/f-a9f589877583.png,train,fish,PIKE,2026-07-20T06:53:50,2026-07-20,6,dawn,no_fish,0,1280,960,122.944,74.932,9.186,mid,high,smooth,neutral,PIKE|2026-07-20|06|5
f-aa3e5bd05f06,images/train/f-aa3e5bd05f06.png,train,fish,PIKE,2025-07-04T10:07:56,2025-07-04,10,day,fish,2,640,848,117.846,68.592,9.112,mid,high,smooth,neutral,PIKE|2025-07-04|10|0
f-ab189cfc3192,images/train/f-ab189cfc3192.png,train,fish,PIKE,2026-07-20T07:41:44,2026-07-20,7,dawn,fish,1,1280,960,123.716,72.815,9.174,mid,high,smooth,neutral,PIKE|2026-07-20|07|4
f-ab2f0acfe1e3,images/train/f-ab2f0acfe1e3.png,train,fish,PIKE,2026-07-19T10:39:48,2026-07-19,10,day,fish,2,1280,960,119.692,74.351,10.057,mid,high,smooth,neutral,PIKE|2026-07-19|10|3
f-ab46c00854f1,images/train/f-ab46c00854f1.png,train,fish,PIKE,2026-07-20T06:42:30,2026-07-20,6,dawn,no_fish,0,1280,960,124.611,75.566,9.021,mid,high,smooth,neutral,PIKE|2026-07-20|06|4
f-ab95a984bca3,images/train/f-ab95a984bca3.png,train,fish,PIKE,2026-07-01T10:08:39,2026-07-01,10,day,no_fish,0,1024,768,112.097,85.846,7.254,mid,high,smooth,neutral,PIKE|2026-07-01|10|0
f-abbd62f22695,images/train/f-abbd62f22695.png,train,fish,PIKE,2026-07-01T16:12:06,2026-07-01,16,day,fish,1,1024,768,109.972,76.930,6.216,mid,high,smooth,neutral,PIKE|2026-07-01|16|1
f-ac02facfe217,images/train/f-ac02facfe217.png,train,fish,EDGE_DEVICE,2026-07-23T19:44:21,2026-07-23,19,dusk,fish,1,1280,960,115.811,66.116,10.765,mid,high,smooth,neutral,EDGE_DEVICE|2026-07-23|19|4
f-ac2adbdf9692,images/train/f-ac2adbdf9692.png,train,fish,PIKE,2025-07-04T11:57:34,2025-07-04,11,day,fish,1,640,848,167.260,83.347,10.754,bright,high,smooth,neutral,PIKE|2025-07-04|11|5
f-ac7dc8229922,images/train/f-ac7dc8229922.png,train,fish,PIKE,2025-06-14T20:07:49,2025-06-14,20,dusk,fish,1,640,848,128.144,71.520,12.649,mid,high,medium,neutral,PIKE|2025-06-14|20|0
f-acd959992464,images/train/f-acd959992464.png,train,fish,PIKE,2025-06-10T19:49:08,2025-06-10,19,dusk,fish,1,640,848,126.498,73.650,12.145,mid,high,medium,neutral,PIKE|2025-06-10|19|4
f-ad8143979dcc,images/train/f-ad8143979dcc.png,train,fish,PIKE,2026-07-20T07:42:31,2026-07-20,7,dawn,no_fish,0,1280,960,125.847,73.805,9.648,mid,high,smooth,neutral,PIKE|2026-07-20|07|4
f-adb21dbaa4e4,images/train/f-adb21dbaa4e4.png,train,fish,PIKE,2025-07-04T08:47:39,2025-07-04,8,dawn,fish,1,640,848,126.167,76.263,9.459,mid,high,smooth,neutral,PIKE|2025-07-04|08|4
f-aeea467729bc,images/train/f-aeea467729bc.png,train,fish,EDGE_DEVICE,2026-07-23T19:45:22,2026-07-23,19,dusk,fish,1,1280,960,116.644,66.023,10.747,mid,high,smooth,neutral,EDGE_DEVICE|2026-07-23|19|4
f-aef9ed8a37b4,images/train/f-aef9ed8a37b4.png,train,fish,PIKE,2025-07-04T02:06:23,2025-07-04,2,night,fish,2,640,848,93.288,86.585,7.880,mid,high,smooth,neutral,PIKE|2025-07-04|02|0
f-af82b48b499b,images/train/f-af82b48b499b.png,train,fish,PIKE,2026-07-20T10:39:36,2026-07-20,10,day,fish,1,1280,960,117.041,70.023,10.326,mid,high,smooth,neutral,PIKE|2026-07-20|10|3
f-afac698b9dd9,images/train/f-afac698b9dd9.png,train,fish,PIKE,2026-07-01T03:03:46,2026-07-01,3,night,no_fish,0,1024,768,115.481,83.864,9.049,mid,high,smooth,neutral,PIKE|2026-07-01|03|0
f-b0316ae8e1f7,images/train/f-b0316ae8e1f7.png,train,fish,PIKE,2025-06-10T17:56:58,2025-06-10,17,day,fish,1,640,848,116.509,67.138,11.289,mid,high,smooth,neutral,PIKE|2025-06-10|17|5
f-b04285906a87,images/train/f-b04285906a87.png,train,fish,PIKE,2026-07-20T12:23:10,2026-07-20,12,day,fish,11,1280,720,137.758,54.818,14.813,mid,medium,medium,neutral,PIKE|2026-07-20|12|2
f-b04885848574,images/train/f-b04885848574.png,train,fish,PIKE,2026-07-01T00:11:00,2026-07-01,0,night,fish,1,1024,768,114.993,83.690,9.728,mid,high,smooth,neutral,PIKE|2026-07-01|00|1
f-b04c39f4e552,images/train/f-b04c39f4e552.png,train,fish,EDGE_DEVICE,2026-07-23T19:46:38,2026-07-23,19,dusk,fish,1,1280,960,114.801,65.709,10.613,mid,high,smooth,neutral,EDGE_DEVICE|2026-07-23|19|4
f-b0f3941e63b1,images/train/f-b0f3941e63b1.png,train,fish,EDGE_DEVICE,2026-07-23T19:32:53,2026-07-23,19,dusk,fish,1,1280,960,118.016,66.201,10.593,mid,high,smooth,neutral,EDGE_DEVICE|2026-07-23|19|3
f-b156b03598fa,images/train/f-b156b03598fa.png,train,fish,PIKE,2025-06-14T10:08:36,2025-06-14,10,day,no_fish,0,640,848,116.469,70.037,12.135,mid,high,medium,neutral,PIKE|2025-06-14|10|0
f-b1dafa121191,images/train/f-b1dafa121191.png,train,fish,PIKE,2025-06-14T21:25:31,2025-06-14,21,night,no_fish,0,640,848,121.511,73.936,11.594,mid,high,smooth,neutral,PIKE|2025-06-14|21|2
f-b20ca772f33a,images/train/f-b20ca772f33a.png,train,fish,PIKE,2026-07-19T07:19:39,2026-07-19,7,dawn,fish,1,1280,960,124.620,75.328,9.759,mid,high,smooth,neutral,PIKE|2026-07-19|07|1
f-b2128339c27a,images/train/f-b2128339c27a.png,train,fish,PIKE,2025-06-12T06:12:21,2025-06-12,6,dawn,fish,1,640,848,88.269,90.765,6.505,mid,high,smooth,neutral,PIKE|2025-06-12|06|1
f-b237b656c87b,images/train/f-b237b656c87b.png,train,fish,PIKE,2026-02-25T19:52:39,2026-02-25,19,dusk,no_fish,0,768,1024,83.928,72.093,10.749,mid,high,smooth,neutral,PIKE|2026-02-25|19|5
f-b3173b5ee11c,images/train/f-b3173b5ee11c.png,train,fish,PIKE,2025-06-14T21:02:40,2025-06-14,21,night,fish,1,640,848,122.181,72.057,12.290,mid,high,medium,neutral,PIKE|2025-06-14|21|0
f-b35b101728e9,images/train/f-b35b101728e9.png,train,fish,PIKE,2026-07-01T22:11:46,2026-07-01,22,night,fish,1,1024,768,112.604,84.363,8.892,mid,high,smooth,neutral,PIKE|2026-07-01|22|1
f-b35fecce70a5,images/train/f-b35fecce70a5.png,train,fish,PIKE,2026-02-25T04:12:32,2026-02-25,4,night,no_fish,0,768,1024,138.793,81.902,15.016,mid,high,medium,neutral,PIKE|2026-02-25|04|1
f-b3cafd8c3c26,images/train/f-b3cafd8c3c26.png,train,fish,PIKE,2025-06-10T15:34:05,2025-06-10,15,day,no_fish,0,640,848,126.870,69.786,9.393,mid,high,smooth,neutral,PIKE|2025-06-10|15|3
f-b3edb6a38d0c,images/train/f-b3edb6a38d0c.png,train,fish,PIKE,2026-07-20T12:37:11,2026-07-20,12,day,fish,6,1280,720,135.508,56.316,14.202,mid,high,medium,neutral,PIKE|2026-07-20|12|3
f-b427c7dbbff0,images/train/f-b427c7dbbff0.png,train,fish,PIKE,2026-07-20T07:53:43,2026-07-20,7,dawn,fish,1,1280,960,119.337,73.024,9.469,mid,high,smooth,neutral,PIKE|2026-07-20|07|5
f-b44d68888c22,images/train/f-b44d68888c22.png,train,fish,PIKE,2025-06-10T19:09:04,2025-06-10,19,dusk,no_fish,0,640,848,128.472,72.037,11.765,mid,high,smooth,neutral,PIKE|2025-06-10|19|0
f-b468ba25fed0,images/train/f-b468ba25fed0.png,train,fish,PIKE,2025-06-10T19:16:52,2025-06-10,19,dusk,fish,1,640,848,130.013,71.615,12.363,mid,high,medium,neutral,PIKE|2025-06-10|19|1
f-b4773ad2fd33,images/train/f-b4773ad2fd33.png,train,hessen,IAHC2407,2026-07-20T20:00:16,2026-07-20,20,dusk,fish,5,1280,720,139.393,61.869,15.364,mid,high,medium,neutral,IAHC2407|2026-07-20|20|0
f-b4cbd2bf3822,images/train/f-b4cbd2bf3822.png,train,fish,PIKE,2025-06-10T17:21:04,2025-06-10,17,day,fish,1,640,848,121.700,71.336,11.563,mid,high,smooth,neutral,PIKE|2025-06-10|17|2
f-b5010384158f,images/train/f-b5010384158f.png,train,fish,PIKE,2026-07-19T07:10:43,2026-07-19,7,dawn,fish,1,1280,960,118.567,75.447,10.202,mid,high,smooth,neutral,PIKE|2026-07-19|07|1
f-b549e4bdb203,images/train/f-b549e4bdb203.png,train,fish,PIKE,2026-02-25T19:00:15,2026-02-25,19,dusk,no_fish,0,768,1024,85.277,71.647,10.780,mid,high,smooth,neutral,PIKE|2026-02-25|19|0
f-b59fec7c3e7a,images/train/f-b59fec7c3e7a.png,train,fish,EDGE_DEVICE,2026-07-23T19:37:14,2026-07-23,19,dusk,fish,1,1280,960,117.789,66.826,10.651,mid,high,smooth,neutral,EDGE_DEVICE|2026-07-23|19|3
f-b5e35dce2b76,images/train/f-b5e35dce2b76.png,train,fish,PIKE,2025-09-20T23:20:02,2025-09-20,23,night,fish,1,640,848,96.392,90.074,8.215,mid,high,smooth,neutral,PIKE|2025-09-20|23|2
f-b612534588f0,images/train/f-b612534588f0.png,train,fish,PIKE,2025-07-04T08:02:17,2025-07-04,8,dawn,fish,1,640,848,115.171,70.938,8.792,mid,high,smooth,neutral,PIKE|2025-07-04|08|0
f-b64c83575a69,images/train/f-b64c83575a69.png,train,fish,PIKE,2025-06-14T20:08:00,2025-06-14,20,dusk,fish,1,640,848,128.099,72.337,12.537,mid,high,medium,neutral,PIKE|2025-06-14|20|0
f-b66702777a1a,images/train/f-b66702777a1a.png,train,fish,PIKE,2025-09-20T16:54:36,2025-09-20,16,day,fish,2,640,848,134.121,79.793,13.419,mid,high,medium,blue,PIKE|2025-09-20|16|5
f-b67c4e8dbc50,images/train/f-b67c4e8dbc50.png,train,fish,PIKE,2025-07-04T02:26:31,2025-07-04,2,night,fish,2,640,848,91.774,84.319,8.060,mid,high,smooth,neutral,PIKE|2025-07-04|02|2
f-b6846b4e62b8,images/train/f-b6846b4e62b8.png,train,fish,PIKE,2025-06-14T10:21:29,2025-06-14,10,day,fish,1,640,848,112.949,69.471,11.947,mid,high,smooth,neutral,PIKE|2025-06-14|10|2
f-b6a69402a6ce,images/train/f-b6a69402a6ce.png,train,fish,PIKE,2026-07-20T12:31:02,2026-07-20,12,day,fish,1,1280,960,125.416,68.915,10.160,mid,high,smooth,neutral,PIKE|2026-07-20|12|3
f-b6b539d501bf,images/train/f-b6b539d501bf.png,train,fish,PIKE,2025-06-10T19:40:10,2025-06-10,19,dusk,fish,1,640,848,127.178,73.008,12.352,mid,high,medium,neutral,PIKE|2025-06-10|19|4
f-b6e8875a162c,images/train/f-b6e8875a162c.png,train,fish,PIKE,2025-06-14T03:10:56,2025-06-14,3,night,fish,2,640,848,85.101,96.664,6.694,mid,high,smooth,neutral,PIKE|2025-06-14|03|1
f-b6eeffd5c830,images/train/f-b6eeffd5c830.png,train,fish,PIKE,2026-07-19T10:31:31,2026-07-19,10,day,no_fish,0,1280,960,112.592,73.608,10.334,mid,high,smooth,neutral,PIKE|2026-07-19|10|3
f-b7503f677b63,images/train/f-b7503f677b63.png,train,fish,PIKE,2026-07-20T07:44:36,2026-07-20,7,dawn,no_fish,0,1280,960,125.251,74.227,9.641,mid,high,smooth,neutral,PIKE|2026-07-20|07|4
f-b76d269102c0,images/train/f-b76d269102c0.png,train,fish,PIKE,2025-07-04T11:59:00,2025-07-04,11,day,fish,1,640,848,168.199,82.071,11.034,bright,high,smooth,neutral,PIKE|2025-07-04|11|5
f-b7834dc01647,images/train/f-b7834dc01647.png,train,fish,EDGE_DEVICE,2026-07-23T19:37:19,2026-07-23,19,dusk,fish,1,1280,960,118.456,67.213,10.912,mid,high,smooth,neutral,EDGE_DEVICE|2026-07-23|19|3
f-b7e73a979bf4,images/train/f-b7e73a979bf4.png,train,fish,PIKE,2025-06-12T06:26:17,2025-06-12,6,dawn,fish,1,640,848,99.142,87.429,7.386,mid,high,smooth,blue,PIKE|2025-06-12|06|2
f-b81a4e453a76,images/train/f-b81a4e453a76.png,train,fish,PIKE,2025-06-14T20:38:17,2025-06-14,20,dusk,fish,1,640,848,131.006,74.410,12.690,mid,high,medium,neutral,PIKE|2025-06-14|20|3
f-b8354df05258,images/train/f-b8354df05258.png,train,fish,EDGE_DEVICE,2026-07-23T20:08:59,2026-07-23,20,dusk,fish,1,1280,960,117.391,66.329,10.508,mid,high,smooth,neutral,EDGE_DEVICE|2026-07-23|20|0
f-b8885d2bf78f,images/train/f-b8885d2bf78f.png,train,fish,PIKE,2025-06-10T19:58:26,2025-06-10,19,dusk,fish,2,640,848,131.907,74.702,12.477,mid,high,medium,neutral,PIKE|2025-06-10|19|5
f-b8aa32721eb9,images/train/f-b8aa32721eb9.png,train,fish,PIKE,2026-07-20T12:23:15,2026-07-20,12,day,fish,13,1280,720,132.193,53.446,13.963,mid,medium,medium,neutral,PIKE|2026-07-20|12|2
f-b8c9f8a19af7,images/train/f-b8c9f8a19af7.png,train,fish,PIKE,2025-09-20T17:52:17,2025-09-20,17,day,fish,1,640,848,137.057,76.432,11.512,mid,high,smooth,blue,PIKE|2025-09-20|17|5
f-b9b6757e3f24,images/train/f-b9b6757e3f24.png,train,fish,PIKE,2026-07-01T10:07:48,2026-07-01,10,day,no_fish,0,1024,768,96.780,83.198,6.734,mid,high,smooth,neutral,PIKE|2026-07-01|10|0
f-b9b8468ec56a,images/train/f-b9b8468ec56a.png,train,fish,PIKE,2026-07-01T19:44:15,2026-07-01,19,dusk,fish,2,1024,768,120.140,77.224,9.561,mid,high,smooth,warm-brown,PIKE|2026-07-01|19|4
f-b9b90142002d,images/train/f-b9b90142002d.png,train,fish,PIKE,2026-07-19T07:28:30,2026-07-19,7,dawn,no_fish,0,1280,960,124.429,71.525,10.524,mid,high,smooth,neutral,PIKE|2026-07-19|07|2
f-b9c1acb858b9,images/train/f-b9c1acb858b9.png,train,fish,PIKE,2025-06-12T06:28:00,2025-06-12,6,dawn,fish,3,640,848,96.894,86.525,7.669,mid,high,smooth,blue,PIKE|2025-06-12|06|2
f-b9d3620dea84,images/train/f-b9d3620dea84.png,train,fish,PIKE,2026-07-01T00:34:03,2026-07-01,0,night,fish,1,1024,768,112.638,83.249,10.452,mid,high,smooth,neutral,PIKE|2026-07-01|00|3
f-ba4e02161f8d,images/train/f-ba4e02161f8d.png,train,fish,PIKE,2025-06-14T20:04:55,2025-06-14,20,dusk,fish,2,640,848,128.788,71.993,12.616,mid,high,medium,neutral,PIKE|2025-06-14|20|0
f-ba9d608e1406,images/train/f-ba9d608e1406.png,train,fish,PIKE,2025-06-14T20:12:16,2025-06-14,20,dusk,fish,1,640,848,129.524,73.291,12.697,mid,high,medium,neutral,PIKE|2025-06-14|20|1
f-baef6c837eae,images/train/f-baef6c837eae.png,train,fish,PIKE,2025-06-14T22:29:53,2025-06-14,22,night,no_fish,0,640,848,92.109,89.942,7.355,mid,high,smooth,neutral,PIKE|2025-06-14|22|2
f-bb01a9bc4d7c,images/train/f-bb01a9bc4d7c.png,train,fish,PIKE,2025-06-14T20:06:42,2025-06-14,20,dusk,fish,1,640,848,128.229,71.262,12.684,mid,high,medium,neutral,PIKE|2025-06-14|20|0
f-bb27dc57e771,images/train/f-bb27dc57e771.png,train,fish,PIKE,2025-06-14T20:22:21,2025-06-14,20,dusk,fish,1,640,848,124.914,70.697,12.316,mid,high,medium,neutral,PIKE|2025-06-14|20|2
f-bb6b51e73167,images/train/f-bb6b51e73167.png,train,fish,PIKE,2026-07-20T07:58:39,2026-07-20,7,dawn,fish,1,1280,960,122.473,72.884,10.255,mid,high,smooth,neutral,PIKE|2026-07-20|07|5
f-bbbe202b9c91,images/train/f-bbbe202b9c91.png,train,fish,PIKE,2025-09-20T11:49:26,2025-09-20,11,day,fish,1,640,848,130.512,70.476,12.765,mid,high,medium,blue,PIKE|2025-09-20|11|4
f-bc036d20b169,images/train/f-bc036d20b169.png,train,fish,PIKE,2025-06-14T12:40:11,2025-06-14,12,day,no_fish,0,640,848,108.486,70.410,13.689,mid,high,medium,neutral,PIKE|2025-06-14|12|4
f-bc48828f403a,images/train/f-bc48828f403a.png,train,fish,PIKE,2025-06-10T19:19:43,2025-06-10,19,dusk,fish,2,640,848,130.252,72.036,12.937,mid,high,medium,neutral,PIKE|2025-06-10|19|1
f-bcd34eacfba5,images/train/f-bcd34eacfba5.png,train,fish,PIKE,2025-06-14T06:43:53,2025-06-14,6,dawn,fish,1,640,848,108.752,87.769,8.934,mid,high,smooth,blue,PIKE|2025-06-14|06|4
f-bd701edac4e2,images/train/f-bd701edac4e2.png,train,fish,PIKE,2026-02-25T21:12:39,2026-02-25,21,night,no_fish,0,768,1024,83.704,71.655,10.679,mid,high,smooth,neutral,PIKE|2026-02-25|21|1
f-bd7be2efbb93,images/train/f-bd7be2efbb93.png,train,fish,PIKE,2025-06-14T15:50:18,2025-06-14,15,day,fish,1,640,848,113.187,60.005,13.108,mid,high,medium,neutral,PIKE|2025-06-14|15|5
f-bd837704ae12,images/train/f-bd837704ae12.png,train,hessen,IAHC2407,2026-07-20T18:15:42,2026-07-20,18,dusk,no_fish,0,1280,720,141.000,60.905,14.779,mid,high,medium,neutral,IAHC2407|2026-07-20|18|1
f-bdc268d2ef51,images/train/f-bdc268d2ef51.png,train,fish,EDGE_DEVICE,2026-07-23T19:32:22,2026-07-23,19,dusk,fish,1,1280,960,119.070,67.214,10.633,mid,high,smooth,neutral,EDGE_DEVICE|2026-07-23|19|3
f-bdc9179082ff,images/train/f-bdc9179082ff.png,train,fish,PIKE,2025-06-14T21:03:08,2025-06-14,21,night,no_fish,0,640,848,121.376,71.272,12.137,mid,high,medium,neutral,PIKE|2025-06-14|21|0
f-be1dfef3a1f4,images/train/f-be1dfef3a1f4.png,train,fish,PIKE,2026-07-19T10:37:39,2026-07-19,10,day,fish,1,1280,960,121.144,74.409,10.226,mid,high,smooth,neutral,PIKE|2026-07-19|10|3
f-be328cbb26c3,images/train/f-be328cbb26c3.png,train,fish,PIKE,2026-07-01T12:30:11,2026-07-01,12,day,fish,1,1024,768,117.003,80.729,6.001,mid,high,smooth,neutral,PIKE|2026-07-01|12|3
f-bfb7f4704de9,images/train/f-bfb7f4704de9.png,train,fish,PIKE,2026-07-01T03:04:04,2026-07-01,3,night,no_fish,0,1024,768,115.745,83.364,9.092,mid,high,smooth,neutral,PIKE|2026-07-01|03|0
f-bfba17793786,images/train/f-bfba17793786.png,train,fish,PIKE,2025-06-12T06:32:00,2025-06-12,6,dawn,fish,2,640,848,100.333,85.487,9.210,mid,high,smooth,neutral,PIKE|2025-06-12|06|3
f-bfc12655c638,images/train/f-bfc12655c638.png,train,fish,PIKE,2026-07-20T10:39:32,2026-07-20,10,day,fish,1,1280,960,117.085,70.157,9.968,mid,high,smooth,neutral,PIKE|2026-07-20|10|3
f-c0416440b3eb,images/train/f-c0416440b3eb.png,train,fish,PIKE,2025-07-04T06:11:28,2025-07-04,6,dawn,fish,1,640,848,135.133,78.438,9.377,mid,high,smooth,neutral,PIKE|2025-07-04|06|1
f-c04aa13f61df,images/train/f-c04aa13f61df.png,train,fish,PIKE,2025-06-14T08:08:24,2025-06-14,8,dawn,fish,1,640,848,115.068,73.615,11.046,mid,high,smooth,neutral,PIKE|2025-06-14|08|0
f-c12d4fd03ac2,images/train/f-c12d4fd03ac2.png,train,fish,PIKE,2025-07-04T11:33:47,2025-07-04,11,day,fish,1,640,848,117.070,71.481,9.342,mid,high,smooth,neutral,PIKE|2025-07-04|11|3
f-c135266b3532,images/train/f-c135266b3532.png,train,fish,PIKE,2025-06-12T06:08:42,2025-06-12,6,dawn,fish,1,640,848,83.769,85.368,6.764,mid,high,smooth,neutral,PIKE|2025-06-12|06|0
f-c16c2e35f101,images/train/f-c16c2e35f101.png,train,fish,PIKE,2025-09-20T10:16:37,2025-09-20,10,day,fish,1,640,848,124.200,71.536,11.978,mid,high,smooth,neutral,PIKE|2025-09-20|10|1
f-c19098f275cd,images/train/f-c19098f275cd.png,train,fish,PIKE,2025-06-14T06:43:03,2025-06-14,6,dawn,fish,1,640,848,108.260,87.770,9.149,mid,high,smooth,blue,PIKE|2025-06-14|06|4
f-c194dbac1a46,images/train/f-c194dbac1a46.png,train,fish,EDGE_DEVICE,2026-07-23T16:20:49,2026-07-23,16,day,no_fish,0,1280,960,118.097,68.882,10.037,mid,high,smooth,neutral,EDGE_DEVICE|2026-07-23|16|2
f-c1e1db2846d9,images/train/f-c1e1db2846d9.png,train,fish,PIKE,2025-06-12T06:16:55,2025-06-12,6,dawn,fish,2,640,848,89.961,86.696,10.416,mid,high,smooth,neutral,PIKE|2025-06-12|06|1
f-c2019f313da0,images/train/f-c2019f313da0.png,train,fish,PIKE,2025-09-20T13:18:18,2025-09-20,13,day,fish,1,640,848,131.582,70.779,12.603,mid,high,medium,neutral,PIKE|2025-09-20|13|1
f-c22aa24e44f4,images/train/f-c22aa24e44f4.png,train,fish,EDGE_DEVICE,2026-07-23T19:52:07,2026-07-23,19,dusk,fish,1,1280,960,120.125,67.320,10.922,mid,high,smooth,neutral,EDGE_DEVICE|2026-07-23|19|5
f-c2cdf6145634,images/train/f-c2cdf6145634.png,train,fish,PIKE,2026-07-01T09:41:57,2026-07-01,9,day,fish,1,1024,768,112.421,79.336,7.515,mid,high,smooth,neutral,PIKE|2026-07-01|09|4
f-c421e289fd39,images/train/f-c421e289fd39.png,train,fish,PIKE,2026-07-01T19:40:29,2026-07-01,19,dusk,fish,1,1024,768,116.455,75.396,9.748,mid,high,smooth,neutral,PIKE|2026-07-01|19|4
f-c46cc8594ca9,images/train/f-c46cc8594ca9.png,train,fish,PIKE,2026-07-01T19:28:11,2026-07-01,19,dusk,fish,1,1024,768,115.115,76.411,8.631,mid,high,smooth,neutral,PIKE|2026-07-01|19|2
f-c4ce2a3604a7,images/train/f-c4ce2a3604a7.png,train,fish,PIKE,2025-06-10T18:53:36,2025-06-10,18,dusk,fish,1,640,848,134.179,74.313,12.039,mid,high,medium,neutral,PIKE|2025-06-10|18|5
f-c5161b073907,images/train/f-c5161b073907.png,train,fish,PIKE,2025-06-14T08:21:30,2025-06-14,8,dawn,fish,1,640,848,116.016,73.199,11.187,mid,high,smooth,neutral,PIKE|2025-06-14|08|2
f-c55fccd74208,images/train/f-c55fccd74208.png,train,fish,PIKE,2025-06-14T20:24:59,2025-06-14,20,dusk,fish,1,640,848,124.919,70.043,12.717,mid,high,medium,neutral,PIKE|2025-06-14|20|2
f-c5f6607083f1,images/train/f-c5f6607083f1.png,train,fish,PIKE,2025-07-04T08:43:04,2025-07-04,8,dawn,fish,2,640,848,124.488,74.651,9.309,mid,high,smooth,neutral,PIKE|2025-07-04|08|4
f-c613c131c946,images/train/f-c613c131c946.png,train,fish,PIKE,2026-07-01T21:02:42,2026-07-01,21,night,fish,1,1024,768,109.759,82.965,8.888,mid,high,smooth,neutral,PIKE|2026-07-01|21|0
f-c662149310a4,images/train/f-c662149310a4.png,train,fish,PIKE,2025-06-12T06:25:50,2025-06-12,6,dawn,fish,1,640,848,96.851,87.571,7.609,mid,high,smooth,blue,PIKE|2025-06-12|06|2
f-c66a50578878,images/train/f-c66a50578878.png,train,fish,PIKE,2025-07-04T01:06:06,2025-07-04,1,night,fish,1,640,848,92.811,88.373,7.873,mid,high,smooth,neutral,PIKE|2025-07-04|01|0
f-c69658113348,images/train/f-c69658113348.png,train,fish,PIKE,2025-06-12T06:41:38,2025-06-12,6,dawn,fish,1,640,848,122.731,90.262,9.674,mid,high,smooth,neutral,PIKE|2025-06-12|06|4
f-c6c15fd16b48,images/train/f-c6c15fd16b48.png,train,fish,PIKE,2025-06-14T07:26:35,2025-06-14,7,dawn,fish,1,640,848,129.569,80.910,11.523,mid,high,smooth,blue,PIKE|2025-06-14|07|2
f-c6d8481f89e5,images/train/f-c6d8481f89e5.png,train,fish,PIKE,2025-06-10T19:13:02,2025-06-10,19,dusk,fish,1,640,848,133.788,72.632,12.846,mid,high,medium,neutral,PIKE|2025-06-10|19|1
f-c722d9c820da,images/train/f-c722d9c820da.png,train,fish,PIKE,2025-09-20T06:54:13,2025-09-20,6,dawn,fish,1,640,848,136.584,78.436,12.770,mid,high,medium,blue,PIKE|2025-09-20|06|5
f-c733b70fd155,images/train/f-c733b70fd155.png,train,fish,PIKE,2025-06-14T09:54:01,2025-06-14,9,day,fish,1,640,848,113.113,68.535,12.109,mid,high,medium,neutral,PIKE|2025-06-14|09|5
f-c753fec217b5,images/train/f-c753fec217b5.png,train,fish,PIKE,2026-02-25T09:57:45,2026-02-25,9,day,no_fish,0,768,1024,128.688,76.888,17.453,mid,high,medium,neutral,PIKE|2026-02-25|09|5
f-c76e4c313c73,images/train/f-c76e4c313c73.png,train,hessen,IAHC2407,2026-07-20T19:23:06,2026-07-20,19,dusk,fish,1,1280,720,107.647,51.242,11.206,mid,medium,smooth,neutral,IAHC2407|2026-07-20|19|2
f-c78b91938a19,images/train/f-c78b91938a19.png,train,fish,PIKE,2026-07-01T07:34:53,2026-07-01,7,dawn,fish,1,1024,768,118.091,80.176,6.351,mid,high,smooth,neutral,PIKE|2026-07-01|07|3
f-c82eee6bfe85,images/train/f-c82eee6bfe85.png,train,fish,PIKE,2025-07-04T03:13:43,2025-07-04,3,night,fish,4,640,848,91.296,84.128,7.847,mid,high,smooth,neutral,PIKE|2025-07-04|03|1
f-c8628e829116,images/train/f-c8628e829116.png,train,fish,PIKE,2026-07-20T07:48:10,2026-07-20,7,dawn,fish,1,1280,960,122.809,73.216,9.561,mid,high,smooth,neutral,PIKE|2026-07-20|07|4
f-c881e0083ca2,images/train/f-c881e0083ca2.png,train,fish,PIKE,2026-07-20T07:58:40,2026-07-20,7,dawn,fish,1,1280,960,123.034,74.035,9.695,mid,high,smooth,neutral,PIKE|2026-07-20|07|5
f-c898cd895162,images/train/f-c898cd895162.png,train,fish,PIKE,2025-06-12T02:56:57,2025-06-12,2,night,fish,1,640,848,84.303,91.570,6.562,mid,high,smooth,neutral,PIKE|2025-06-12|02|5
f-c98db577277d,images/train/f-c98db577277d.png,train,fish,PIKE,2025-09-20T06:39:03,2025-09-20,6,dawn,fish,1,640,848,136.796,79.975,11.796,mid,high,smooth,blue,PIKE|2025-09-20|06|3
f-c9a1fd6f952c,images/train/f-c9a1fd6f952c.png,train,fish,PIKE,2025-06-14T09:28:28,2025-06-14,9,day,fish,1,640,848,106.143,65.373,11.521,mid,high,smooth,neutral,PIKE|2025-06-14|09|2
f-c9be79f17902,images/train/f-c9be79f17902.png,train,fish,PIKE,2025-06-10T20:38:32,2025-06-10,20,dusk,fish,1,640,848,126.805,72.880,12.020,mid,high,medium,neutral,PIKE|2025-06-10|20|3
f-cb7c6014fd7e,images/train/f-cb7c6014fd7e.png,train,fish,PIKE,2026-07-01T10:01:51,2026-07-01,10,day,fish,1,1024,768,115.183,83.420,6.846,mid,high,smooth,neutral,PIKE|2026-07-01|10|0
f-cbb32f7b145a,images/train/f-cbb32f7b145a.png,train,fish,PIKE,2026-07-19T07:18:29,2026-07-19,7,dawn,fish,1,1280,960,123.033,75.486,10.160,mid,high,smooth,neutral,PIKE|2026-07-19|07|1
f-cbcef6ab85de,images/train/f-cbcef6ab85de.png,train,fish,PIKE,2026-07-19T10:35:51,2026-07-19,10,day,fish,1,1280,960,120.903,75.431,10.856,mid,high,smooth,neutral,PIKE|2026-07-19|10|3
f-cbd65116a8ad,images/train/f-cbd65116a8ad.png,train,fish,PIKE,2025-09-20T12:47:46,2025-09-20,12,day,fish,1,640,848,134.573,74.054,13.503,mid,high,medium,blue,PIKE|2025-09-20|12|4
f-cbf6a6e71a41,images/train/f-cbf6a6e71a41.png,train,fish,PIKE,2026-02-25T17:08:16,2026-02-25,17,day,no_fish,0,768,1024,132.955,71.510,9.043,mid,high,smooth,blue,PIKE|2026-02-25|17|0
f-cca6da764c62,images/train/f-cca6da764c62.png,train,fish,PIKE,2026-07-20T10:39:31,2026-07-20,10,day,fish,2,1280,960,117.194,71.106,10.229,mid,high,smooth,neutral,PIKE|2026-07-20|10|3
f-ccc1d1d634ae,images/train/f-ccc1d1d634ae.png,train,fish,PIKE,2026-07-01T06:42:59,2026-07-01,6,dawn,fish,1,1024,768,117.636,84.598,6.065,mid,high,smooth,neutral,PIKE|2026-07-01|06|4
f-ccec0db9b054,images/train/f-ccec0db9b054.png,train,fish,PIKE,2025-06-14T12:12:55,2025-06-14,12,day,no_fish,0,640,848,117.548,81.595,11.948,mid,high,smooth,neutral,PIKE|2025-06-14|12|1
f-ccedaa686644,images/train/f-ccedaa686644.png,train,fish,PIKE,2025-06-14T19:09:23,2025-06-14,19,dusk,no_fish,0,640,848,114.274,67.211,11.197,mid,high,smooth,neutral,PIKE|2025-06-14|19|0
f-ce199c29ad10,images/train/f-ce199c29ad10.png,train,fish,PIKE,2025-06-10T15:49:25,2025-06-10,15,day,no_fish,0,640,848,128.154,67.708,10.188,mid,high,smooth,neutral,PIKE|2025-06-10|15|4
f-ce46f18bf84c,images/train/f-ce46f18bf84c.png,train,fish,PIKE,2026-07-20T12:23:13,2026-07-20,12,day,fish,9,1280,720,134.216,53.746,14.238,mid,medium,medium,neutral,PIKE|2026-07-20|12|2
f-ce5b0cff92fa,images/train/f-ce5b0cff92fa.png,train,fish,PIKE,2025-06-10T23:26:08,2025-06-10,23,night,fish,3,640,848,84.002,89.854,7.538,mid,high,smooth,neutral,PIKE|2025-06-10|23|2
f-ce8ce1faa51e,images/train/f-ce8ce1faa51e.png,train,fish,PIKE,2025-06-14T07:27:30,2025-06-14,7,dawn,fish,1,640,848,133.353,82.889,11.654,mid,high,smooth,blue,PIKE|2025-06-14|07|2
f-cedbb8488885,images/train/f-cedbb8488885.png,train,fish,PIKE,2025-07-04T06:03:18,2025-07-04,6,dawn,fish,1,640,848,126.931,75.660,9.247,mid,high,smooth,neutral,PIKE|2025-07-04|06|0
f-cf1e6b766c98,images/train/f-cf1e6b766c98.png,train,fish,PIKE,2025-06-14T19:22:32,2025-06-14,19,dusk,no_fish,0,640,848,111.511,64.501,11.246,mid,high,smooth,neutral,PIKE|2025-06-14|19|2
f-cf45f75c6c8a,images/train/f-cf45f75c6c8a.png,train,fish,EDGE_DEVICE,2026-07-24T07:42:05,2026-07-24,7,dawn,no_fish,0,1280,960,122.342,70.106,8.754,mid,high,smooth,neutral,EDGE_DEVICE|2026-07-24|07|4
f-d081111bfbb0,images/train/f-d081111bfbb0.png,train,fish,PIKE,2025-06-12T06:31:25,2025-06-12,6,dawn,fish,1,640,848,105.309,86.611,8.043,mid,high,smooth,neutral,PIKE|2025-06-12|06|3
f-d084b7a78e6b,images/train/f-d084b7a78e6b.png,train,fish,PIKE,2025-06-14T19:18:44,2025-06-14,19,dusk,fish,1,640,848,116.524,66.700,11.960,mid,high,smooth,neutral,PIKE|2025-06-14|19|1
f-d1acde16133d,images/train/f-d1acde16133d.png,train,fish,PIKE,2025-06-10T20:40:18,2025-06-10,20,dusk,fish,1,640,848,122.143,71.083,11.799,mid,high,smooth,neutral,PIKE|2025-06-10|20|4
f-d1de8a0b366a,images/train/f-d1de8a0b366a.png,train,fish,PIKE,2025-06-14T20:07:03,2025-06-14,20,dusk,fish,1,640,848,128.793,71.870,12.394,mid,high,medium,neutral,PIKE|2025-06-14|20|0
f-d1eb643191dc,images/train/f-d1eb643191dc.png,train,fish,PIKE,2025-06-12T06:17:14,2025-06-12,6,dawn,fish,2,640,848,86.557,86.771,7.129,mid,high,smooth,neutral,PIKE|2025-06-12|06|1
f-d2093e6cd401,images/train/f-d2093e6cd401.png,train,fish,PIKE,2025-06-12T06:32:00,2025-06-12,6,dawn,fish,1,640,848,103.920,86.516,8.454,mid,high,smooth,neutral,PIKE|2025-06-12|06|3
f-d24da610c226,images/train/f-d24da610c226.png,train,fish,EDGE_DEVICE,2026-07-24T07:35:14,2026-07-24,7,dawn,no_fish,0,1280,960,122.476,69.186,9.299,mid,high,smooth,neutral,EDGE_DEVICE|2026-07-24|07|3
f-d2588b8c1e43,images/train/f-d2588b8c1e43.png,train,fish,PIKE,2026-02-25T16:13:36,2026-02-25,16,day,no_fish,0,768,1024,123.832,72.517,7.167,mid,high,smooth,neutral,PIKE|2026-02-25|16|1
f-d2f35772cf18,images/train/f-d2f35772cf18.png,train,fish,PIKE,2025-06-10T17:39:38,2025-06-10,17,day,fish,1,640,848,120.498,68.506,11.352,mid,high,smooth,neutral,PIKE|2025-06-10|17|3
f-d322227a9357,images/train/f-d322227a9357.png,train,fish,PIKE,2025-06-14T12:25:32,2025-06-14,12,day,no_fish,0,640,848,102.095,71.629,14.358,mid,high,medium,neutral,PIKE|2025-06-14|12|2
f-d33cae7f6de4,images/train/f-d33cae7f6de4.png,train,fish,PIKE,2026-07-01T06:28:08,2026-07-01,6,dawn,fish,1,1024,768,116.174,82.887,5.969,mid,high,smooth,neutral,PIKE|2026-07-01|06|2
f-d367cc413b8b,images/train/f-d367cc413b8b.png,train,fish,PIKE,2025-07-04T11:18:26,2025-07-04,11,day,fish,1,640,848,117.930,71.547,9.533,mid,high,smooth,neutral,PIKE|2025-07-04|11|1
f-d38b93efd9ed,images/train/f-d38b93efd9ed.png,train,fish,PIKE,2025-09-20T06:59:58,2025-09-20,6,dawn,fish,1,640,848,136.109,77.826,12.860,mid,high,medium,blue,PIKE|2025-09-20|06|5
f-d3907783843d,images/train/f-d3907783843d.png,train,fish,PIKE,2025-09-20T06:33:07,2025-09-20,6,dawn,fish,1,640,848,134.771,81.376,11.429,mid,high,smooth,blue,PIKE|2025-09-20|06|3
f-d424095f77cb,images/train/f-d424095f77cb.png,train,fish,PIKE,2025-09-20T19:50:57,2025-09-20,19,dusk,fish,1,640,848,95.912,91.817,8.517,mid,high,smooth,neutral,PIKE|2025-09-20|19|5
f-d4f548eca9d4,images/train/f-d4f548eca9d4.png,train,fish,PIKE,2026-07-19T11:02:57,2026-07-19,11,day,fish,1,1280,960,109.249,69.667,10.006,mid,high,smooth,neutral,PIKE|2026-07-19|11|0
f-d53e712a3b50,images/train/f-d53e712a3b50.png,train,fish,PIKE,2025-06-14T20:12:44,2025-06-14,20,dusk,fish,1,640,848,129.390,72.611,12.648,mid,high,medium,neutral,PIKE|2025-06-14|20|1
f-d594ee3d4690,images/train/f-d594ee3d4690.png,train,fish,EDGE_DEVICE,2026-07-24T08:09:28,2026-07-24,8,dawn,fish,1,1280,960,124.450,71.121,8.647,mid,high,smooth,neutral,EDGE_DEVICE|2026-07-24|08|0
f-d5e6288e47df,images/train/f-d5e6288e47df.png,train,fish,PIKE,2025-07-04T06:11:51,2025-07-04,6,dawn,fish,2,640,848,134.664,78.278,9.343,mid,high,smooth,neutral,PIKE|2025-07-04|06|1
f-d60d76fb5777,images/train/f-d60d76fb5777.png,train,fish,PIKE,2025-09-20T04:52:32,2025-09-20,4,night,fish,1,640,848,95.082,91.554,8.588,mid,high,smooth,neutral,PIKE|2025-09-20|04|5
f-d6dc51714d3c,images/train/f-d6dc51714d3c.png,train,fish,PIKE,2025-06-10T15:06:13,2025-06-10,15,day,no_fish,0,640,848,140.696,74.108,8.703,mid,high,smooth,neutral,PIKE|2025-06-10|15|0
f-d6dd7a73f6fd,images/train/f-d6dd7a73f6fd.png,train,fish,PIKE,2026-07-20T07:45:48,2026-07-20,7,dawn,fish,1,1280,960,121.042,73.724,9.607,mid,high,smooth,neutral,PIKE|2026-07-20|07|4
f-d70b58f915aa,images/train/f-d70b58f915aa.png,train,fish,PIKE,2025-07-04T02:36:55,2025-07-04,2,night,fish,1,640,848,93.203,85.871,7.804,mid,high,smooth,neutral,PIKE|2025-07-04|02|3
f-d74aea68c068,images/train/f-d74aea68c068.png,train,fish,PIKE,2026-07-01T21:05:46,2026-07-01,21,night,fish,1,1024,768,109.466,83.862,8.715,mid,high,smooth,neutral,PIKE|2026-07-01|21|0
f-d794a2055338,images/train/f-d794a2055338.png,train,fish,PIKE,2025-09-20T13:25:49,2025-09-20,13,day,fish,1,640,848,136.714,74.415,13.276,mid,high,medium,neutral,PIKE|2025-09-20|13|2
f-d7b7a6cbd430,images/train/f-d7b7a6cbd430.png,train,fish,PIKE,2025-09-20T06:55:48,2025-09-20,6,dawn,fish,1,640,848,139.667,79.973,12.436,mid,high,medium,blue,PIKE|2025-09-20|06|5
f-d85b0c06fa28,images/train/f-d85b0c06fa28.png,train,fish,PIKE,2025-06-10T19:08:54,2025-06-10,19,dusk,no_fish,0,640,848,128.343,71.562,11.861,mid,high,smooth,neutral,PIKE|2025-06-10|19|0
f-d8c9e4a3f061,images/train/f-d8c9e4a3f061.png,train,fish,PIKE,2025-06-10T19:18:48,2025-06-10,19,dusk,fish,1,640,848,130.525,71.913,12.481,mid,high,medium,neutral,PIKE|2025-06-10|19|1
f-d8e5136f543d,images/train/f-d8e5136f543d.png,train,fish,PIKE,2026-07-01T12:36:16,2026-07-01,12,day,fish,1,1024,768,116.485,81.153,6.016,mid,high,smooth,neutral,PIKE|2026-07-01|12|3
f-d901429de1c9,images/train/f-d901429de1c9.png,train,fish,PIKE,2026-07-01T07:33:45,2026-07-01,7,dawn,fish,2,1024,768,127.051,78.738,6.327,mid,high,smooth,neutral,PIKE|2026-07-01|07|3
f-d9ca4f58dcbb,images/train/f-d9ca4f58dcbb.png,train,fish,PIKE,2025-09-20T04:39:02,2025-09-20,4,night,fish,1,640,848,95.514,91.413,8.569,mid,high,smooth,neutral,PIKE|2025-09-20|04|3
f-d9e53a6fe5e8,images/train/f-d9e53a6fe5e8.png,train,fish,PIKE,2026-07-01T13:02:02,2026-07-01,13,day,fish,1,1024,768,112.469,78.808,5.968,mid,high,smooth,neutral,PIKE|2026-07-01|13|0
f-da021f57eb6f,images/train/f-da021f57eb6f.png,train,fish,EDGE_DEVICE,2026-07-23T20:08:33,2026-07-23,20,dusk,fish,1,1280,960,118.160,66.605,10.391,mid,high,smooth,neutral,EDGE_DEVICE|2026-07-23|20|0
f-da410f0fbfe2,images/train/f-da410f0fbfe2.png,train,fish,EDGE_DEVICE,2026-07-23T19:46:54,2026-07-23,19,dusk,fish,1,1280,960,116.005,65.180,10.399,mid,high,smooth,neutral,EDGE_DEVICE|2026-07-23|19|4
f-da6b3a6430b4,images/train/f-da6b3a6430b4.png,train,fish,PIKE,2025-09-20T19:05:30,2025-09-20,19,dusk,fish,1,640,848,93.571,91.407,8.563,mid,high,smooth,neutral,PIKE|2025-09-20|19|0
f-daa396877a36,images/train/f-daa396877a36.png,train,fish,PIKE,2025-09-20T18:46:32,2025-09-20,18,dusk,fish,1,640,848,94.504,89.723,8.967,mid,high,smooth,neutral,PIKE|2025-09-20|18|4
f-dace7fb5b380,images/train/f-dace7fb5b380.png,train,fish,PIKE,2025-09-20T19:26:50,2025-09-20,19,dusk,fish,2,640,848,92.968,90.401,8.717,mid,high,smooth,neutral,PIKE|2025-09-20|19|2
f-db206bd055ab,images/train/f-db206bd055ab.png,train,fish,PIKE,2026-07-20T12:23:25,2026-07-20,12,day,fish,7,1280,720,143.706,56.130,14.560,mid,high,medium,neutral,PIKE|2026-07-20|12|2
f-db59fd451cf9,images/train/f-db59fd451cf9.png,train,fish,PIKE,2025-06-12T06:26:17,2025-06-12,6,dawn,fish,1,640,848,98.994,87.127,7.504,mid,high,smooth,blue,PIKE|2025-06-12|06|2
f-dbaaa47d46c9,images/train/f-dbaaa47d46c9.png,train,fish,PIKE,2025-06-14T12:56:46,2025-06-14,12,day,fish,1,640,848,121.665,76.487,13.305,mid,high,medium,neutral,PIKE|2025-06-14|12|5
f-dbfa1512b7a7,images/train/f-dbfa1512b7a7.png,train,fish,PIKE,2025-06-12T06:25:50,2025-06-12,6,dawn,fish,1,640,848,94.062,85.195,7.541,mid,high,smooth,blue,PIKE|2025-06-12|06|2
f-dd03781bc025,images/train/f-dd03781bc025.png,train,fish,PIKE,2026-07-01T00:04:25,2026-07-01,0,night,fish,1,1024,768,115.174,83.941,9.466,mid,high,smooth,neutral,PIKE|2026-07-01|00|0
f-dd337fecf75d,images/train/f-dd337fecf75d.png,train,fish,PIKE,2025-06-12T05:53:09,2025-06-12,5,night,fish,1,640,848,85.769,92.808,6.632,mid,high,smooth,neutral,PIKE|2025-06-12|05|5
f-dd51efeed88e,images/train/f-dd51efeed88e.png,train,fish,PIKE,2025-09-20T17:07:36,2025-09-20,17,day,fish,1,640,848,131.797,73.512,13.906,mid,high,medium,blue,PIKE|2025-09-20|17|0
f-dd5f047e1608,images/train/f-dd5f047e1608.png,train,fish,PIKE,2025-06-10T19:02:24,2025-06-10,19,dusk,no_fish,0,640,848,129.874,73.012,11.848,mid,high,smooth,neutral,PIKE|2025-06-10|19|0
f-de17b6055248,images/train/f-de17b6055248.png,train,fish,PIKE,2025-09-20T19:29:19,2025-09-20,19,dusk,fish,2,640,848,92.828,89.908,9.160,mid,high,smooth,neutral,PIKE|2025-09-20|19|2
f-de1a0eb2db54,images/train/f-de1a0eb2db54.png,train,fish,PIKE,2025-09-20T18:28:54,2025-09-20,18,dusk,fish,1,640,848,110.697,84.037,10.496,mid,high,smooth,blue,PIKE|2025-09-20|18|2
f-de53b84fa164,images/train/f-de53b84fa164.png,train,fish,PIKE,2026-07-20T10:39:35,2026-07-20,10,day,fish,1,1280,960,116.650,70.317,10.014,mid,high,smooth,neutral,PIKE|2026-07-20|10|3
f-dec7fb9934c1,images/train/f-dec7fb9934c1.png,train,fish,PIKE,2025-06-14T20:57:39,2025-06-14,20,dusk,no_fish,0,640,848,121.195,71.323,11.949,mid,high,smooth,neutral,PIKE|2025-06-14|20|5
f-def0ede370a4,images/train/f-def0ede370a4.png,train,fish,PIKE,2025-06-14T12:44:09,2025-06-14,12,day,no_fish,0,640,848,104.829,68.844,12.856,mid,high,medium,neutral,PIKE|2025-06-14|12|4
f-df14ccfcc758,images/train/f-df14ccfcc758.png,train,fish,PIKE,2026-07-01T18:46:15,2026-07-01,18,dusk,fish,1,1024,768,117.083,75.546,8.142,mid,high,smooth,neutral,PIKE|2026-07-01|18|4
f-dfcaa9efbbc7,images/train/f-dfcaa9efbbc7.png,train,fish,PIKE,2025-06-14T21:16:22,2025-06-14,21,night,no_fish,0,640,848,127.812,75.227,12.237,mid,high,medium,neutral,PIKE|2025-06-14|21|1
f-e0602b02db2b,images/train/f-e0602b02db2b.png,train,fish,PIKE,2025-06-12T05:57:10,2025-06-12,5,night,no_fish,0,640,848,87.801,93.901,6.367,mid,high,smooth,neutral,PIKE|2025-06-12|05|5
f-e0d40f4fa676,images/train/f-e0d40f4fa676.png,train,fish,PIKE,2025-06-14T08:07:19,2025-06-14,8,dawn,fish,1,640,848,114.888,73.235,11.183,mid,high,smooth,neutral,PIKE|2025-06-14|08|0
f-e1049d998f6f,images/train/f-e1049d998f6f.png,train,fish,PIKE,2026-07-19T10:15:03,2026-07-19,10,day,fish,1,1280,960,124.595,73.263,10.468,mid,high,smooth,neutral,PIKE|2026-07-19|10|1
f-e174b9a1191d,images/train/f-e174b9a1191d.png,train,fish,PIKE,2026-07-20T07:37:49,2026-07-20,7,dawn,no_fish,0,1280,960,119.631,73.268,9.378,mid,high,smooth,neutral,PIKE|2026-07-20|07|3
f-e1f4dba3b371,images/train/f-e1f4dba3b371.png,train,fish,PIKE,2025-06-14T03:03:52,2025-06-14,3,night,fish,1,640,848,83.731,94.205,6.461,mid,high,smooth,neutral,PIKE|2025-06-14|03|0
f-e218536504c0,images/train/f-e218536504c0.png,train,fish,EDGE_DEVICE,2026-07-23T19:51:57,2026-07-23,19,dusk,fish,1,1280,960,119.114,67.302,10.990,mid,high,smooth,neutral,EDGE_DEVICE|2026-07-23|19|5
f-e23923aa84c4,images/train/f-e23923aa84c4.png,train,fish,PIKE,2025-07-04T11:36:14,2025-07-04,11,day,fish,1,640,848,117.982,70.643,9.517,mid,high,smooth,neutral,PIKE|2025-07-04|11|3
f-e35c2343e46c,images/train/f-e35c2343e46c.png,train,fish,PIKE,2025-06-14T19:36:15,2025-06-14,19,dusk,no_fish,0,640,848,116.323,68.400,11.666,mid,high,smooth,neutral,PIKE|2025-06-14|19|3
f-e36d6ac25824,images/train/f-e36d6ac25824.png,train,fish,PIKE,2025-09-20T19:26:43,2025-09-20,19,dusk,fish,1,640,848,93.982,91.391,8.545,mid,high,smooth,neutral,PIKE|2025-09-20|19|2
f-e39adc088d9e,images/train/f-e39adc088d9e.png,train,fish,EDGE_DEVICE,2026-07-24T07:35:38,2026-07-24,7,dawn,no_fish,0,1280,960,123.710,70.282,9.459,mid,high,smooth,neutral,EDGE_DEVICE|2026-07-24|07|3
f-e39d34f3aa62,images/train/f-e39d34f3aa62.png,train,fish,PIKE,2025-06-10T19:19:56,2025-06-10,19,dusk,fish,1,640,848,130.552,72.449,12.835,mid,high,medium,neutral,PIKE|2025-06-10|19|1
f-e41c6fed572e,images/train/f-e41c6fed572e.png,train,fish,PIKE,2025-06-12T05:53:09,2025-06-12,5,night,fish,1,640,848,86.900,93.032,6.427,mid,high,smooth,neutral,PIKE|2025-06-12|05|5
f-e44c1c006454,images/train/f-e44c1c006454.png,train,fish,PIKE,2026-07-20T07:51:23,2026-07-20,7,dawn,fish,1,1280,960,123.977,73.363,9.397,mid,high,smooth,neutral,PIKE|2026-07-20|07|5
f-e451ad8b7a4e,images/train/f-e451ad8b7a4e.png,train,fish,PIKE,2026-07-01T13:00:03,2026-07-01,13,day,fish,1,1024,768,111.644,80.353,6.063,mid,high,smooth,neutral,PIKE|2026-07-01|13|0
f-e468bb8efab2,images/train/f-e468bb8efab2.png,train,fish,PIKE,2025-06-14T21:45:28,2025-06-14,21,night,fish,1,640,848,132.089,83.824,12.013,mid,high,medium,neutral,PIKE|2025-06-14|21|4
f-e474300c7ebe,images/train/f-e474300c7ebe.png,train,fish,PIKE,2025-09-20T21:18:09,2025-09-20,21,night,fish,1,640,848,96.024,91.145,8.313,mid,high,smooth,neutral,PIKE|2025-09-20|21|1
f-e4766b791236,images/train/f-e4766b791236.png,train,fish,PIKE,2025-06-10T15:48:11,2025-06-10,15,day,no_fish,0,640,848,129.598,69.075,10.010,mid,high,smooth,neutral,PIKE|2025-06-10|15|4
f-e4b77deb5d05,images/train/f-e4b77deb5d05.png,train,hessen,IAHC2407,2026-07-20T21:02:08,2026-07-20,21,night,fish,2,1280,720,130.529,59.742,16.445,mid,high,medium,neutral,IAHC2407|2026-07-20|21|0
f-e4f8c05a7e24,images/train/f-e4f8c05a7e24.png,train,fish,PIKE,2025-09-20T23:33:12,2025-09-20,23,night,fish,1,640,848,96.241,89.967,8.513,mid,high,smooth,neutral,PIKE|2025-09-20|23|3
f-e50b151f99c4,images/train/f-e50b151f99c4.png,train,fish,PIKE,2025-06-14T19:47:05,2025-06-14,19,dusk,no_fish,0,640,848,120.874,70.233,11.927,mid,high,smooth,neutral,PIKE|2025-06-14|19|4
f-e520c3a0bb31,images/train/f-e520c3a0bb31.png,train,fish,PIKE,2025-06-14T08:41:31,2025-06-14,8,dawn,fish,1,640,848,117.627,73.400,12.313,mid,high,medium,neutral,PIKE|2025-06-14|08|4
f-e5425f6be07c,images/train/f-e5425f6be07c.png,train,fish,PIKE,2025-06-14T08:43:11,2025-06-14,8,dawn,fish,1,640,848,114.396,71.416,11.754,mid,high,smooth,neutral,PIKE|2025-06-14|08|4
f-e544dd510534,images/train/f-e544dd510534.png,train,fish,PIKE,2025-06-14T18:03:37,2025-06-14,18,dusk,no_fish,0,640,848,134.424,79.781,12.522,mid,high,medium,neutral,PIKE|2025-06-14|18|0
f-e5475f367ccf,images/train/f-e5475f367ccf.png,train,fish,PIKE,2025-07-04T11:07:55,2025-07-04,11,day,fish,1,640,848,122.392,73.862,9.666,mid,high,smooth,neutral,PIKE|2025-07-04|11|0
f-e55f0adfffe9,images/train/f-e55f0adfffe9.png,train,hessen,IAHC2407,2026-07-20T21:25:13,2026-07-20,21,night,fish,2,1280,720,134.573,60.426,18.174,mid,high,medium,neutral,IAHC2407|2026-07-20|21|2
f-e57a7850e815,images/train/f-e57a7850e815.png,train,fish,EDGE_DEVICE,2026-07-24T06:59:06,2026-07-24,6,dawn,fish,1,1280,960,124.296,72.174,10.895,mid,high,smooth,neutral,EDGE_DEVICE|2026-07-24|06|5
f-e6524edee16b,images/train/f-e6524edee16b.png,train,fish,EDGE_DEVICE,2026-07-23T16:21:39,2026-07-23,16,day,fish,1,1280,960,115.964,68.007,10.324,mid,high,smooth,neutral,EDGE_DEVICE|2026-07-23|16|2
f-e6bb2f98737f,images/train/f-e6bb2f98737f.png,train,fish,PIKE,2026-07-20T08:02:27,2026-07-20,8,dawn,fish,1,1280,960,123.336,74.727,9.919,mid,high,smooth,neutral,PIKE|2026-07-20|08|0
f-e71ec58ba2cd,images/train/f-e71ec58ba2cd.png,train,fish,PIKE,2026-07-19T07:11:32,2026-07-19,7,dawn,fish,1,1280,960,120.079,75.748,10.154,mid,high,smooth,neutral,PIKE|2026-07-19|07|1
f-e738a866f19c,images/train/f-e738a866f19c.png,train,fish,PIKE,2025-06-10T23:10:24,2025-06-10,23,night,fish,1,640,848,89.743,91.612,6.469,mid,high,smooth,neutral,PIKE|2025-06-10|23|1
f-e755b8219059,images/train/f-e755b8219059.png,train,fish,EDGE_DEVICE,2026-07-24T07:02:13,2026-07-24,7,dawn,fish,1,1280,960,129.498,73.035,10.796,mid,high,smooth,neutral,EDGE_DEVICE|2026-07-24|07|0
f-e799c3e4269e,images/train/f-e799c3e4269e.png,train,fish,PIKE,2026-07-01T00:15:21,2026-07-01,0,night,fish,1,1024,768,114.216,82.665,10.100,mid,high,smooth,neutral,PIKE|2026-07-01|00|1
f-e86bf942917f,images/train/f-e86bf942917f.png,train,fish,PIKE,2025-07-04T10:07:18,2025-07-04,10,day,fish,1,640,848,121.787,70.735,9.390,mid,high,smooth,neutral,PIKE|2025-07-04|10|0
f-e8ebd9254aab,images/train/f-e8ebd9254aab.png,train,fish,EDGE_DEVICE,2026-07-23T16:21:14,2026-07-23,16,day,no_fish,0,1280,960,117.688,68.396,10.128,mid,high,smooth,neutral,EDGE_DEVICE|2026-07-23|16|2
f-e9015bebd6bc,images/train/f-e9015bebd6bc.png,train,fish,PIKE,2025-07-04T11:35:32,2025-07-04,11,day,fish,1,640,848,113.061,69.067,9.351,mid,high,smooth,neutral,PIKE|2025-07-04|11|3
f-e906b85df489,images/train/f-e906b85df489.png,train,fish,PIKE,2025-06-14T20:55:19,2025-06-14,20,dusk,no_fish,0,640,848,123.992,72.659,12.072,mid,high,medium,neutral,PIKE|2025-06-14|20|5
f-e913c025be81,images/train/f-e913c025be81.png,train,fish,PIKE,2025-07-04T09:25:02,2025-07-04,9,day,fish,1,640,848,116.826,71.961,9.151,mid,high,smooth,neutral,PIKE|2025-07-04|09|2
f-ea420c547722,images/train/f-ea420c547722.png,train,fish,PIKE,2025-09-20T06:54:47,2025-09-20,6,dawn,fish,1,640,848,138.042,79.539,12.505,mid,high,medium,blue,PIKE|2025-09-20|06|5
f-ea927b05a820,images/train/f-ea927b05a820.png,train,fish,EDGE_DEVICE,2026-07-24T07:08:20,2026-07-24,7,dawn,fish,2,1280,960,121.559,71.544,10.691,mid,high,smooth,neutral,EDGE_DEVICE|2026-07-24|07|0
f-eb1eb11ec2ec,images/train/f-eb1eb11ec2ec.png,train,fish,PIKE,2026-02-25T18:16:06,2026-02-25,18,dusk,no_fish,0,768,1024,127.364,69.718,12.909,mid,high,medium,neutral,PIKE|2026-02-25|18|1
f-ebb8b8045d43,images/train/f-ebb8b8045d43.png,train,fish,PIKE,2025-06-14T08:06:52,2025-06-14,8,dawn,fish,2,640,848,115.154,73.075,11.324,mid,high,smooth,neutral,PIKE|2025-06-14|08|0
f-ebd9bf5ee524,images/train/f-ebd9bf5ee524.png,train,fish,PIKE,2025-06-10T23:35:55,2025-06-10,23,night,fish,1,640,848,86.676,88.462,6.605,mid,high,smooth,neutral,PIKE|2025-06-10|23|3
f-ebe419b5613d,images/train/f-ebe419b5613d.png,train,fish,PIKE,2025-06-14T08:41:49,2025-06-14,8,dawn,fish,1,640,848,118.421,73.151,11.977,mid,high,smooth,neutral,PIKE|2025-06-14|08|4
f-ec059719fb50,images/train/f-ec059719fb50.png,train,fish,PIKE,2025-06-12T05:53:09,2025-06-12,5,night,fish,1,640,848,86.895,93.115,6.595,mid,high,smooth,neutral,PIKE|2025-06-12|05|5
f-ec148d208f47,images/train/f-ec148d208f47.png,train,fish,PIKE,2025-06-14T09:04:59,2025-06-14,9,day,fish,1,640,848,118.860,74.022,11.487,mid,high,smooth,neutral,PIKE|2025-06-14|09|0
f-ec2a5ea2eeb4,images/train/f-ec2a5ea2eeb4.png,train,fish,PIKE,2025-06-14T20:57:13,2025-06-14,20,dusk,no_fish,0,640,848,121.901,71.814,12.039,mid,high,medium,neutral,PIKE|2025-06-14|20|5
f-ec6cfbe8861b,images/train/f-ec6cfbe8861b.png,train,fish,PIKE,2025-06-12T05:55:00,2025-06-12,5,night,fish,1,640,848,85.416,91.052,6.475,mid,high,smooth,neutral,PIKE|2025-06-12|05|5
f-ed21ed80975c,images/train/f-ed21ed80975c.png,train,fish,PIKE,2025-06-14T09:24:09,2025-06-14,9,day,fish,3,640,848,108.441,66.521,11.812,mid,high,smooth,neutral,PIKE|2025-06-14|09|2
f-ed5d36a7b29c,images/train/f-ed5d36a7b29c.png,train,fish,PIKE,2025-09-20T19:14:54,2025-09-20,19,dusk,fish,1,640,848,94.438,91.154,8.487,mid,high,smooth,neutral,PIKE|2025-09-20|19|1
f-ed6eff926ea5,images/train/f-ed6eff926ea5.png,train,fish,PIKE,2025-09-20T06:33:59,2025-09-20,6,dawn,fish,1,640,848,136.406,81.579,11.339,mid,high,smooth,blue,PIKE|2025-09-20|06|3
f-ed8f183a5cff,images/train/f-ed8f183a5cff.png,train,fish,PIKE,2025-06-10T17:29:26,2025-06-10,17,day,fish,3,640,848,121.997,71.075,11.113,mid,high,smooth,neutral,PIKE|2025-06-10|17|2
f-ee336a119d8b,images/train/f-ee336a119d8b.png,train,fish,PIKE,2026-02-16T22:28:58,2026-02-16,22,night,no_fish,0,768,1024,161.612,74.212,13.436,bright,high,medium,neutral,PIKE|2026-02-16|22|2
f-ee669d8d9258,images/train/f-ee669d8d9258.png,train,fish,EDGE_DEVICE,2026-07-23T19:55:27,2026-07-23,19,dusk,fish,1,1280,960,119.474,66.456,10.760,mid,high,smooth,neutral,EDGE_DEVICE|2026-07-23|19|5
f-eec3bbb10dde,images/train/f-eec3bbb10dde.png,train,fish,EDGE_DEVICE,2026-07-23T19:46:23,2026-07-23,19,dusk,fish,1,1280,960,115.168,65.752,10.674,mid,high,smooth,neutral,EDGE_DEVICE|2026-07-23|19|4
f-ef4d92be0a85,images/train/f-ef4d92be0a85.png,train,fish,EDGE_DEVICE,2026-07-24T07:45:00,2026-07-24,7,dawn,fish,1,1280,960,125.988,70.524,9.372,mid,high,smooth,neutral,EDGE_DEVICE|2026-07-24|07|4
f-efcccfa6d0e5,images/train/f-efcccfa6d0e5.png,train,fish,PIKE,2026-02-16T12:07:10,2026-02-16,12,day,no_fish,0,768,1024,123.529,77.943,8.372,mid,high,smooth,neutral,PIKE|2026-02-16|12|0
f-eff92a78b2e1,images/train/f-eff92a78b2e1.png,train,fish,PIKE,2025-06-12T06:18:23,2025-06-12,6,dawn,fish,2,640,848,91.798,88.663,7.962,mid,high,smooth,neutral,PIKE|2025-06-12|06|1
f-f004555f8bf3,images/train/f-f004555f8bf3.png,train,fish,PIKE,2026-07-19T07:21:18,2026-07-19,7,dawn,no_fish,0,1280,960,123.153,72.637,10.341,mid,high,smooth,neutral,PIKE|2026-07-19|07|2
f-f043375efdab,images/train/f-f043375efdab.png,train,fish,PIKE,2026-07-20T12:23:04,2026-07-20,12,day,fish,10,1280,720,139.443,54.431,15.723,mid,medium,medium,neutral,PIKE|2026-07-20|12|2
f-f09f24cd0659,images/train/f-f09f24cd0659.png,train,fish,PIKE,2025-09-20T06:44:01,2025-09-20,6,dawn,fish,1,640,848,135.036,78.983,11.946,mid,high,smooth,blue,PIKE|2025-09-20|06|4
f-f0ceac15b21f,images/train/f-f0ceac15b21f.png,train,fish,PIKE,2025-06-10T22:38:44,2025-06-10,22,night,fish,1,640,848,89.260,87.108,6.528,mid,high,smooth,neutral,PIKE|2025-06-10|22|3
f-f1533a7ea7c8,images/train/f-f1533a7ea7c8.png,train,fish,PIKE,2025-06-10T22:08:15,2025-06-10,22,night,fish,1,640,848,125.275,87.682,9.411,mid,high,smooth,neutral,PIKE|2025-06-10|22|0
f-f161110fb495,images/train/f-f161110fb495.png,train,fish,PIKE,2025-07-04T07:31:47,2025-07-04,7,dawn,fish,2,640,848,115.129,70.060,8.804,mid,high,smooth,neutral,PIKE|2025-07-04|07|3
f-f17921e47506,images/train/f-f17921e47506.png,train,fish,PIKE,2025-06-12T06:32:00,2025-06-12,6,dawn,fish,2,640,848,99.341,83.771,8.143,mid,high,smooth,neutral,PIKE|2025-06-12|06|3
f-f2e874ddb5a7,images/train/f-f2e874ddb5a7.png,train,fish,PIKE,2026-07-20T07:39:13,2026-07-20,7,dawn,no_fish,0,1280,960,121.325,73.405,9.525,mid,high,smooth,neutral,PIKE|2026-07-20|07|3
f-f3b9c2e0eb8b,images/train/f-f3b9c2e0eb8b.png,train,fish,PIKE,2025-06-14T21:04:46,2025-06-14,21,night,fish,1,640,848,125.514,73.695,12.273,mid,high,medium,neutral,PIKE|2025-06-14|21|0
f-f3ef10c2cbe9,images/train/f-f3ef10c2cbe9.png,train,fish,PIKE,2025-06-14T21:05:33,2025-06-14,21,night,fish,1,640,848,124.769,73.432,12.335,mid,high,medium,neutral,PIKE|2025-06-14|21|0
f-f4549384d82c,images/train/f-f4549384d82c.png,train,fish,PIKE,2026-02-16T09:27:51,2026-02-16,9,day,no_fish,0,768,1024,130.588,80.202,8.274,mid,high,smooth,neutral,PIKE|2026-02-16|09|2
f-f468e951c5a8,images/train/f-f468e951c5a8.png,train,fish,PIKE,2025-06-14T12:39:35,2025-06-14,12,day,no_fish,0,640,848,107.318,70.818,13.248,mid,high,medium,neutral,PIKE|2025-06-14|12|3
f-f47f2b5a7f06,images/train/f-f47f2b5a7f06.png,train,fish,PIKE,2026-07-20T06:56:44,2026-07-20,6,dawn,fish,1,1280,960,124.393,74.066,9.499,mid,high,smooth,neutral,PIKE|2026-07-20|06|5
f-f485a7a2aff7,images/train/f-f485a7a2aff7.png,train,hessen,IAHC2407,2026-07-20T18:15:11,2026-07-20,18,dusk,fish,2,1280,720,139.879,60.516,14.458,mid,high,medium,neutral,IAHC2407|2026-07-20|18|1
f-f4b2f7df3f8c,images/train/f-f4b2f7df3f8c.png,train,fish,PIKE,2025-09-20T03:13:22,2025-09-20,3,night,fish,2,640,848,94.492,91.001,8.645,mid,high,smooth,neutral,PIKE|2025-09-20|03|1
f-f4c3999a4923,images/train/f-f4c3999a4923.png,train,fish,PIKE,2025-06-14T19:45:59,2025-06-14,19,dusk,no_fish,0,640,848,122.766,71.055,11.861,mid,high,smooth,neutral,PIKE|2025-06-14|19|4
f-f4c6b9646924,images/train/f-f4c6b9646924.png,train,hessen,IAHC2407,2026-07-20T19:42:14,2026-07-20,19,dusk,fish,2,1280,720,139.559,62.108,14.447,mid,high,medium,neutral,IAHC2407|2026-07-20|19|4
f-f511e131cdf2,images/train/f-f511e131cdf2.png,train,fish,PIKE,2026-02-25T18:04:03,2026-02-25,18,dusk,no_fish,0,768,1024,128.519,75.086,13.636,mid,high,medium,neutral,PIKE|2026-02-25|18|0
f-f52173068e87,images/train/f-f52173068e87.png,train,fish,PIKE,2026-02-25T16:39:13,2026-02-25,16,day,no_fish,0,768,1024,131.268,74.930,7.468,mid,high,smooth,neutral,PIKE|2026-02-25|16|3
f-f56eb6fe855b,images/train/f-f56eb6fe855b.png,train,fish,EDGE_DEVICE,2026-07-24T08:34:00,2026-07-24,8,dawn,no_fish,0,1280,960,121.430,70.414,9.063,mid,high,smooth,neutral,EDGE_DEVICE|2026-07-24|08|3
f-f655d3557fc3,images/train/f-f655d3557fc3.png,train,fish,PIKE,2025-06-14T20:05:16,2025-06-14,20,dusk,fish,1,640,848,129.004,72.047,12.632,mid,high,medium,neutral,PIKE|2025-06-14|20|0
f-f696ff1e5fc7,images/train/f-f696ff1e5fc7.png,train,fish,PIKE,2025-09-20T13:06:37,2025-09-20,13,day,fish,1,640,848,141.012,71.107,14.270,mid,high,medium,neutral,PIKE|2025-09-20|13|0
f-f6f369cbc162,images/train/f-f6f369cbc162.png,train,fish,EDGE_DEVICE,2026-07-23T19:32:58,2026-07-23,19,dusk,fish,1,1280,960,118.698,66.942,10.787,mid,high,smooth,neutral,EDGE_DEVICE|2026-07-23|19|3
f-f7ca42bc3d5f,images/train/f-f7ca42bc3d5f.png,train,fish,PIKE,2026-07-01T00:15:06,2026-07-01,0,night,fish,1,1024,768,113.569,83.327,10.317,mid,high,smooth,neutral,PIKE|2026-07-01|00|1
f-f7f18207f984,images/train/f-f7f18207f984.png,train,fish,PIKE,2026-07-01T00:17:10,2026-07-01,0,night,fish,1,1024,768,113.614,83.407,10.279,mid,high,smooth,neutral,PIKE|2026-07-01|00|1
f-f850771198d8,images/train/f-f850771198d8.png,train,fish,PIKE,2025-09-20T08:53:31,2025-09-20,8,dawn,fish,1,640,848,140.808,74.772,13.390,mid,high,medium,blue,PIKE|2025-09-20|08|5
f-f93bcf2e883d,images/train/f-f93bcf2e883d.png,train,fish,PIKE,2025-06-14T21:03:51,2025-06-14,21,night,fish,1,640,848,119.426,70.232,12.155,mid,high,medium,neutral,PIKE|2025-06-14|21|0
f-fa048ed733c9,images/train/f-fa048ed733c9.png,train,fish,PIKE,2025-06-14T08:29:54,2025-06-14,8,dawn,fish,2,640,848,116.238,73.209,11.333,mid,high,smooth,neutral,PIKE|2025-06-14|08|2
f-fa1fffa993fe,images/train/f-fa1fffa993fe.png,train,fish,EDGE_DEVICE,2026-07-23T16:22:40,2026-07-23,16,day,no_fish,0,1280,960,117.272,68.259,9.934,mid,high,smooth,neutral,EDGE_DEVICE|2026-07-23|16|2
f-fa70d778e5fe,images/train/f-fa70d778e5fe.png,train,fish,PIKE,2025-06-14T14:55:14,2025-06-14,14,day,no_fish,0,640,848,127.601,53.657,15.905,mid,medium,medium,neutral,PIKE|2025-06-14|14|5
f-fa7de025ba53,images/train/f-fa7de025ba53.png,train,fish,EDGE_DEVICE,2026-07-23T16:21:34,2026-07-23,16,day,fish,1,1280,960,115.918,68.316,10.484,mid,high,smooth,neutral,EDGE_DEVICE|2026-07-23|16|2
f-faaf03d6096b,images/train/f-faaf03d6096b.png,train,hessen,IAHC2407,2026-07-20T19:47:19,2026-07-20,19,dusk,fish,2,1280,720,160.527,64.942,16.527,bright,high,medium,neutral,IAHC2407|2026-07-20|19|4
f-fb436e6356ca,images/train/f-fb436e6356ca.png,train,fish,PIKE,2025-09-20T13:20:31,2025-09-20,13,day,fish,1,640,848,129.119,71.385,12.551,mid,high,medium,neutral,PIKE|2025-09-20|13|2
f-fb71d0c9015f,images/train/f-fb71d0c9015f.png,train,fish,PIKE,2025-06-14T18:01:23,2025-06-14,18,dusk,no_fish,0,640,848,128.542,75.921,12.255,mid,high,medium,neutral,PIKE|2025-06-14|18|0
f-fbc88f05fa43,images/train/f-fbc88f05fa43.png,train,fish,PIKE,2025-06-14T16:38:33,2025-06-14,16,day,fish,1,640,848,124.678,69.281,13.176,mid,high,medium,neutral,PIKE|2025-06-14|16|3
f-fbca89143ab3,images/train/f-fbca89143ab3.png,train,fish,PIKE,2025-06-14T20:53:08,2025-06-14,20,dusk,no_fish,0,640,848,127.172,73.582,12.042,mid,high,medium,neutral,PIKE|2025-06-14|20|5
f-fbe5fded532d,images/train/f-fbe5fded532d.png,train,fish,PIKE,2026-07-20T10:39:23,2026-07-20,10,day,fish,1,1280,960,117.199,70.524,10.322,mid,high,smooth,neutral,PIKE|2026-07-20|10|3
f-fc2778fb6677,images/train/f-fc2778fb6677.png,train,fish,EDGE_DEVICE,2026-07-23T16:21:29,2026-07-23,16,day,fish,1,1280,960,116.237,68.537,10.471,mid,high,smooth,neutral,EDGE_DEVICE|2026-07-23|16|2
f-fc72001b9952,images/train/f-fc72001b9952.png,train,fish,PIKE,2025-07-04T08:44:31,2025-07-04,8,dawn,fish,1,640,848,127.133,76.314,9.368,mid,high,smooth,neutral,PIKE|2025-07-04|08|4
f-fd24db4af85a,images/train/f-fd24db4af85a.png,train,fish,PIKE,2026-07-20T12:23:19,2026-07-20,12,day,fish,10,1280,720,133.244,54.047,13.803,mid,medium,medium,neutral,PIKE|2026-07-20|12|2
f-fd3a666395a2,images/train/f-fd3a666395a2.png,train,fish,PIKE,2025-06-10T18:38:36,2025-06-10,18,dusk,fish,1,640,848,122.734,68.531,11.688,mid,high,smooth,neutral,PIKE|2025-06-10|18|3
f-fd6f1b5157e1,images/train/f-fd6f1b5157e1.png,train,fish,EDGE_DEVICE,2026-07-23T20:07:10,2026-07-23,20,dusk,no_fish,0,1280,960,118.460,66.182,10.186,mid,high,smooth,neutral,EDGE_DEVICE|2026-07-23|20|0
f-fdc5d70d24f7,images/train/f-fdc5d70d24f7.png,train,fish,PIKE,2025-06-14T22:59:23,2025-06-14,22,night,fish,1,640,848,82.728,94.380,6.945,mid,high,smooth,neutral,PIKE|2025-06-14|22|5
f-fe33f19b45a8,images/train/f-fe33f19b45a8.png,train,fish,PIKE,2025-07-04T09:21:06,2025-07-04,9,day,fish,2,640,848,112.173,68.316,8.862,mid,high,smooth,neutral,PIKE|2025-07-04|09|2
f-fe48fc6bdc63,images/train/f-fe48fc6bdc63.png,train,fish,PIKE,2025-09-20T12:11:47,2025-09-20,12,day,fish,1,640,848,129.687,69.877,12.803,mid,high,medium,blue,PIKE|2025-09-20|12|1
f-fe4bd5c1d63b,images/train/f-fe4bd5c1d63b.png,train,fish,PIKE,2025-07-04T11:58:55,2025-07-04,11,day,fish,1,640,848,155.642,80.261,10.706,mid,high,smooth,neutral,PIKE|2025-07-04|11|5
f-fe83765b250c,images/train/f-fe83765b250c.png,train,fish,PIKE,2025-06-10T19:50:28,2025-06-10,19,dusk,fish,1,640,848,127.530,73.439,12.277,mid,high,medium,neutral,PIKE|2025-06-10|19|5
f-fe99e0197fc3,images/train/f-fe99e0197fc3.png,train,fish,PIKE,2025-06-14T12:53:11,2025-06-14,12,day,no_fish,0,640,848,147.685,87.232,12.967,mid,high,medium,neutral,PIKE|2025-06-14|12|5
f-feb2a6a05d6e,images/train/f-feb2a6a05d6e.png,train,hessen,IAHC2407,2026-07-20T18:15:52,2026-07-20,18,dusk,no_fish,0,1280,720,141.040,60.965,14.937,mid,high,medium,neutral,IAHC2407|2026-07-20|18|1
f-ff586250443d,images/train/f-ff586250443d.png,train,fish,PIKE,2025-06-14T14:34:55,2025-06-14,14,day,fish,1,640,848,124.124,56.290,15.914,mid,high,medium,neutral,PIKE|2025-06-14|14|3
f-ff79e73b6e03,images/train/f-ff79e73b6e03.png,train,fish,PIKE,2025-06-14T22:46:41,2025-06-14,22,night,fish,1,640,848,84.309,93.311,7.045,mid,high,smooth,neutral,PIKE|2025-06-14|22|4
f-03038dfabc54,images/validation/f-03038dfabc54.png,validation,fish,PIKE,2026-07-01T22:20:45,2026-07-01,22,night,fish,1,1024,768,112.126,84.503,8.888,mid,high,smooth,neutral,PIKE|2026-07-01|22|2
f-03a3b788f133,images/validation/f-03a3b788f133.png,validation,fish,PIKE,2026-07-01T22:25:29,2026-07-01,22,night,fish,1,1024,768,112.808,84.010,8.980,mid,high,smooth,neutral,PIKE|2026-07-01|22|2
f-059f83a37cd6,images/validation/f-059f83a37cd6.png,validation,fish,PIKE,2025-07-04T01:26:33,2025-07-04,1,night,fish,2,640,848,90.972,86.067,8.001,mid,high,smooth,neutral,PIKE|2025-07-04|01|2
f-0743ef94aeaa,images/validation/f-0743ef94aeaa.png,validation,fish,PIKE,2026-07-01T14:13:48,2026-07-01,14,day,fish,1,1024,768,120.240,80.737,6.237,mid,high,smooth,neutral,PIKE|2026-07-01|14|1
f-07703de8c845,images/validation/f-07703de8c845.png,validation,fish,PIKE,2025-07-04T06:40:29,2025-07-04,6,dawn,fish,1,640,848,123.293,73.148,9.148,mid,high,smooth,neutral,PIKE|2025-07-04|06|4
f-08cd40c1987c,images/validation/f-08cd40c1987c.png,validation,fish,PIKE,2025-06-14T17:37:31,2025-06-14,17,day,fish,1,640,848,129.887,73.673,11.856,mid,high,smooth,neutral,PIKE|2025-06-14|17|3
f-096ea0afaa8b,images/validation/f-096ea0afaa8b.png,validation,hessen,IAHC2407,2026-07-20T18:31:18,2026-07-20,18,dusk,fish,7,1280,720,153.494,66.559,17.936,mid,high,medium,neutral,IAHC2407|2026-07-20|18|3
f-0b053c7acda2,images/validation/f-0b053c7acda2.png,validation,fish,PIKE,2026-07-01T19:09:15,2026-07-01,19,dusk,fish,1,1024,768,116.763,76.420,9.115,mid,high,smooth,neutral,PIKE|2026-07-01|19|0
f-0beb3e924e61,images/validation/f-0beb3e924e61.png,validation,fish,PIKE,2026-02-25T17:59:22,2026-02-25,17,day,no_fish,0,768,1024,134.077,77.608,13.305,mid,high,medium,neutral,PIKE|2026-02-25|17|5
f-0d99afc80b4e,images/validation/f-0d99afc80b4e.png,validation,fish,PIKE,2026-07-19T11:32:34,2026-07-19,11,day,no_fish,0,1280,960,117.655,70.898,10.925,mid,high,smooth,neutral,PIKE|2026-07-19|11|3
f-0e2408d5c83a,images/validation/f-0e2408d5c83a.png,validation,fish,PIKE,2026-07-19T11:34:11,2026-07-19,11,day,fish,1,1280,960,117.128,70.651,10.899,mid,high,smooth,neutral,PIKE|2026-07-19|11|3
f-0effff8b18bc,images/validation/f-0effff8b18bc.png,validation,hessen,IAHC2407,2026-07-20T18:50:37,2026-07-20,18,dusk,fish,2,1280,720,170.057,62.309,17.918,bright,high,medium,neutral,IAHC2407|2026-07-20|18|5
f-0f4f0f9060e7,images/validation/f-0f4f0f9060e7.png,validation,fish,PIKE,2025-07-04T11:44:16,2025-07-04,11,day,fish,1,640,848,133.154,73.674,9.927,mid,high,smooth,neutral,PIKE|2025-07-04|11|4
f-0f67ce9172ed,images/validation/f-0f67ce9172ed.png,validation,fish,PIKE,2025-06-14T21:38:52,2025-06-14,21,night,fish,1,640,848,129.876,81.062,12.027,mid,high,medium,neutral,PIKE|2025-06-14|21|3
f-114d13f1983a,images/validation/f-114d13f1983a.png,validation,fish,PIKE,2026-07-01T19:33:40,2026-07-01,19,dusk,fish,2,1024,768,116.214,75.974,9.058,mid,high,smooth,neutral,PIKE|2026-07-01|19|3
f-1155230e02a4,images/validation/f-1155230e02a4.png,validation,fish,PIKE,2026-07-19T07:30:44,2026-07-19,7,dawn,fish,1,1280,960,118.823,73.475,10.023,mid,high,smooth,neutral,PIKE|2026-07-19|07|3
f-1252c9b0e923,images/validation/f-1252c9b0e923.png,validation,fish,PIKE,2026-02-25T17:17:18,2026-02-25,17,day,no_fish,0,768,1024,135.493,72.509,10.723,mid,high,smooth,blue,PIKE|2026-02-25|17|1
f-130be806d341,images/validation/f-130be806d341.png,validation,fish,PIKE,2025-06-14T08:58:49,2025-06-14,8,dawn,fish,2,640,848,111.154,73.273,10.922,mid,high,smooth,neutral,PIKE|2025-06-14|08|5
f-1355008fa564,images/validation/f-1355008fa564.png,validation,fish,PIKE,2025-09-20T03:01:04,2025-09-20,3,night,fish,1,640,848,94.035,90.409,8.549,mid,high,smooth,neutral,PIKE|2025-09-20|03|0
f-13ad9230cb5c,images/validation/f-13ad9230cb5c.png,validation,fish,EDGE_DEVICE,2026-07-24T07:14:42,2026-07-24,7,dawn,fish,1,1280,960,122.854,68.391,8.785,mid,high,smooth,neutral,EDGE_DEVICE|2026-07-24|07|1
f-19be1ed904db,images/validation/f-19be1ed904db.png,validation,fish,PIKE,2026-07-19T07:35:15,2026-07-19,7,dawn,no_fish,0,1280,960,118.747,74.002,9.989,mid,high,smooth,neutral,PIKE|2026-07-19|07|3
f-1ccaa7cd8ecd,images/validation/f-1ccaa7cd8ecd.png,validation,fish,PIKE,2026-07-19T11:27:21,2026-07-19,11,day,fish,1,1280,960,117.985,72.188,10.966,mid,high,smooth,neutral,PIKE|2026-07-19|11|2
f-1e5e8b1cbe7e,images/validation/f-1e5e8b1cbe7e.png,validation,fish,PIKE,2026-07-19T07:38:30,2026-07-19,7,dawn,fish,1,1280,960,127.866,73.050,10.218,mid,high,smooth,neutral,PIKE|2026-07-19|07|3
f-20aba2573ec0,images/validation/f-20aba2573ec0.png,validation,fish,PIKE,2025-06-14T21:51:42,2025-06-14,21,night,no_fish,0,640,848,125.671,82.464,11.299,mid,high,smooth,neutral,PIKE|2025-06-14|21|5
f-214530b5ac8e,images/validation/f-214530b5ac8e.png,validation,fish,PIKE,2026-07-19T11:29:31,2026-07-19,11,day,fish,1,1280,960,113.308,69.715,10.324,mid,high,smooth,neutral,PIKE|2026-07-19|11|2
f-26b602b9c5d2,images/validation/f-26b602b9c5d2.png,validation,fish,PIKE,2026-07-20T08:11:40,2026-07-20,8,dawn,fish,1,1280,960,126.380,74.255,9.555,mid,high,smooth,neutral,PIKE|2026-07-20|08|1
f-28069f731071,images/validation/f-28069f731071.png,validation,fish,PIKE,2025-06-14T21:32:12,2025-06-14,21,night,fish,1,640,848,131.863,80.677,12.158,mid,high,medium,neutral,PIKE|2025-06-14|21|3
f-28310e6674c1,images/validation/f-28310e6674c1.png,validation,fish,PIKE,2025-06-14T17:37:22,2025-06-14,17,day,fish,1,640,848,129.376,72.871,12.100,mid,high,medium,neutral,PIKE|2025-06-14|17|3
f-2e0d42b08b3b,images/validation/f-2e0d42b08b3b.png,validation,fish,PIKE,2025-07-04T01:20:55,2025-07-04,1,night,fish,2,640,848,90.868,87.534,7.898,mid,high,smooth,neutral,PIKE|2025-07-04|01|2
f-30db4688faa0,images/validation/f-30db4688faa0.png,validation,fish,PIKE,2025-07-04T11:42:29,2025-07-04,11,day,fish,1,640,848,120.563,68.356,9.605,mid,high,smooth,neutral,PIKE|2025-07-04|11|4
f-3102c88a759c,images/validation/f-3102c88a759c.png,validation,fish,PIKE,2026-02-25T17:11:31,2026-02-25,17,day,no_fish,0,768,1024,133.441,72.011,9.758,mid,high,smooth,blue,PIKE|2026-02-25|17|1
f-32b16dd0e651,images/validation/f-32b16dd0e651.png,validation,hessen,IAHC2407,2026-07-20T18:52:31,2026-07-20,18,dusk,fish,5,1280,720,167.183,63.214,17.852,bright,high,medium,neutral,IAHC2407|2026-07-20|18|5
f-330099fed030,images/validation/f-330099fed030.png,validation,fish,PIKE,2025-09-20T17:25:54,2025-09-20,17,day,fish,1,640,848,136.231,76.757,13.091,mid,high,medium,blue,PIKE|2025-09-20|17|2
f-33ae683be16a,images/validation/f-33ae683be16a.png,validation,fish,EDGE_DEVICE,2026-07-24T08:13:36,2026-07-24,8,dawn,fish,2,1280,960,119.392,70.332,8.575,mid,high,smooth,neutral,EDGE_DEVICE|2026-07-24|08|1
f-367788282b80,images/validation/f-367788282b80.png,validation,fish,PIKE,2025-06-14T21:54:17,2025-06-14,21,night,no_fish,0,640,848,130.391,86.651,11.117,mid,high,smooth,neutral,PIKE|2025-06-14|21|5
f-376d75660fdb,images/validation/f-376d75660fdb.png,validation,fish,PIKE,2026-02-25T17:19:45,2026-02-25,17,day,no_fish,0,768,1024,134.934,72.300,10.226,mid,high,smooth,blue,PIKE|2026-02-25|17|1
f-38a05910b463,images/validation/f-38a05910b463.png,validation,fish,PIKE,2026-02-16T08:07:12,2026-02-16,8,dawn,no_fish,0,768,1024,149.009,89.699,8.749,mid,high,smooth,neutral,PIKE|2026-02-16|08|0
f-3ac594ba526f,images/validation/f-3ac594ba526f.png,validation,fish,PIKE,2025-06-14T21:39:15,2025-06-14,21,night,fish,1,640,848,129.195,80.700,12.022,mid,high,medium,neutral,PIKE|2025-06-14|21|3
f-3b1fb4da3173,images/validation/f-3b1fb4da3173.png,validation,fish,PIKE,2026-07-19T07:39:01,2026-07-19,7,dawn,fish,1,1280,960,121.238,72.138,9.164,mid,high,smooth,neutral,PIKE|2026-07-19|07|3
f-3bcb4e4773a4,images/validation/f-3bcb4e4773a4.png,validation,fish,PIKE,2026-02-25T17:11:56,2026-02-25,17,day,no_fish,0,768,1024,136.013,72.239,9.336,mid,high,smooth,blue,PIKE|2026-02-25|17|1
f-3d2fe42e547d,images/validation/f-3d2fe42e547d.png,validation,fish,PIKE,2026-07-18T22:19:32,2026-07-18,22,night,no_fish,0,1280,960,119.947,76.322,10.617,mid,high,smooth,neutral,PIKE|2026-07-18|22|1
f-3d96c8322efe,images/validation/f-3d96c8322efe.png,validation,fish,PIKE,2025-06-10T18:22:02,2025-06-10,18,dusk,no_fish,0,640,848,126.701,69.106,11.979,mid,high,smooth,neutral,PIKE|2025-06-10|18|2
f-3dd2d0a4063f,images/validation/f-3dd2d0a4063f.png,validation,fish,PIKE,2026-07-19T07:38:22,2026-07-19,7,dawn,fish,1,1280,960,127.307,73.088,10.035,mid,high,smooth,neutral,PIKE|2026-07-19|07|3
f-3e71167bddb0,images/validation/f-3e71167bddb0.png,validation,fish,PIKE,2026-07-19T11:29:51,2026-07-19,11,day,fish,1,1280,960,113.003,69.659,10.917,mid,high,smooth,neutral,PIKE|2026-07-19|11|2
f-417a4901c315,images/validation/f-417a4901c315.png,validation,fish,PIKE,2025-09-20T10:49:55,2025-09-20,10,day,fish,1,640,848,134.256,75.449,12.254,mid,high,medium,neutral,PIKE|2025-09-20|10|4
f-418c66b4b75d,images/validation/f-418c66b4b75d.png,validation,fish,PIKE,2025-06-14T23:37:05,2025-06-14,23,night,fish,1,640,848,83.992,95.241,6.865,mid,high,smooth,neutral,PIKE|2025-06-14|23|3
f-4193a7e390ff,images/validation/f-4193a7e390ff.png,validation,fish,PIKE,2025-06-14T08:32:23,2025-06-14,8,dawn,fish,1,640,848,119.108,74.627,11.723,mid,high,smooth,neutral,PIKE|2025-06-14|08|3
f-41e9cd773bae,images/validation/f-41e9cd773bae.png,validation,fish,PIKE,2026-07-01T19:35:35,2026-07-01,19,dusk,fish,2,1024,768,116.453,75.510,9.017,mid,high,smooth,neutral,PIKE|2026-07-01|19|3
f-4369521977a6,images/validation/f-4369521977a6.png,validation,fish,PIKE,2026-07-19T11:31:58,2026-07-19,11,day,no_fish,0,1280,960,118.907,71.324,10.767,mid,high,smooth,neutral,PIKE|2026-07-19|11|3
f-43ddb92bcfc5,images/validation/f-43ddb92bcfc5.png,validation,fish,PIKE,2025-06-14T08:37:58,2025-06-14,8,dawn,no_fish,0,640,848,120.408,72.493,11.784,mid,high,smooth,neutral,PIKE|2025-06-14|08|3
f-48f572be1132,images/validation/f-48f572be1132.png,validation,fish,PIKE,2025-06-14T21:36:34,2025-06-14,21,night,fish,2,640,848,124.470,77.272,11.733,mid,high,smooth,neutral,PIKE|2025-06-14|21|3
f-498dbcad3a57,images/validation/f-498dbcad3a57.png,validation,fish,PIKE,2025-09-20T17:27:21,2025-09-20,17,day,fish,1,640,848,135.495,75.872,12.745,mid,high,medium,blue,PIKE|2025-09-20|17|2
f-4b024dff54f0,images/validation/f-4b024dff54f0.png,validation,fish,PIKE,2025-06-14T22:04:46,2025-06-14,22,night,no_fish,0,640,848,121.515,87.395,10.496,mid,high,smooth,neutral,PIKE|2025-06-14|22|0
f-4c1951294f22,images/validation/f-4c1951294f22.png,validation,fish,PIKE,2025-06-14T08:58:07,2025-06-14,8,dawn,no_fish,0,640,848,112.581,71.115,11.049,mid,high,smooth,neutral,PIKE|2025-06-14|08|5
f-4c44b4c4bcf3,images/validation/f-4c44b4c4bcf3.png,validation,fish,PIKE,2025-06-14T21:38:46,2025-06-14,21,night,fish,1,640,848,129.960,81.028,12.138,mid,high,medium,neutral,PIKE|2025-06-14|21|3
f-4d23d0644f09,images/validation/f-4d23d0644f09.png,validation,fish,PIKE,2026-02-25T17:34:24,2026-02-25,17,day,no_fish,0,768,1024,126.558,68.997,12.192,mid,high,medium,blue,PIKE|2026-02-25|17|3
f-4d32fed321f9,images/validation/f-4d32fed321f9.png,validation,hessen,IAHC2407,2026-07-20T18:51:50,2026-07-20,18,dusk,fish,1,1280,720,162.193,63.098,19.379,bright,high,medium,neutral,IAHC2407|2026-07-20|18|5
f-52bba6aabe92,images/validation/f-52bba6aabe92.png,validation,fish,EDGE_DEVICE,2026-07-24T07:14:00,2026-07-24,7,dawn,fish,1,1280,960,128.104,69.926,9.010,mid,high,smooth,neutral,EDGE_DEVICE|2026-07-24|07|1
f-5314cc947a61,images/validation/f-5314cc947a61.png,validation,hessen,IAHC2407,2026-07-20T18:39:14,2026-07-20,18,dusk,fish,1,1280,720,183.349,60.975,18.789,bright,high,medium,neutral,IAHC2407|2026-07-20|18|3
f-534dc9e30c9a,images/validation/f-534dc9e30c9a.png,validation,fish,EDGE_DEVICE,2026-07-23T16:19:15,2026-07-23,16,day,no_fish,0,1280,960,118.700,68.669,9.874,mid,high,smooth,neutral,EDGE_DEVICE|2026-07-23|16|1
f-53a40129bf38,images/validation/f-53a40129bf38.png,validation,fish,EDGE_DEVICE,2026-07-23T16:19:30,2026-07-23,16,day,fish,1,1280,960,117.368,68.296,9.896,mid,high,smooth,neutral,EDGE_DEVICE|2026-07-23|16|1
f-53c8925f668f,images/validation/f-53c8925f668f.png,validation,fish,PIKE,2025-06-14T21:38:04,2025-06-14,21,night,fish,1,640,848,131.325,81.486,12.182,mid,high,medium,neutral,PIKE|2025-06-14|21|3
f-5495885f90b1,images/validation/f-5495885f90b1.png,validation,fish,PIKE,2026-02-16T03:46:47,2026-02-16,3,night,no_fish,0,768,1024,98.116,77.011,21.007,mid,high,medium,neutral,PIKE|2026-02-16|03|4
f-5800b299de73,images/validation/f-5800b299de73.png,validation,fish,PIKE,2026-07-01T19:07:25,2026-07-01,19,dusk,fish,1,1024,768,118.704,75.474,8.768,mid,high,smooth,neutral,PIKE|2026-07-01|19|0
f-5828e6d4b7fe,images/validation/f-5828e6d4b7fe.png,validation,fish,PIKE,2025-09-20T11:51:26,2025-09-20,11,day,fish,1,640,848,133.480,71.632,13.197,mid,high,medium,blue,PIKE|2025-09-20|11|5
f-5bbb4e9ff17f,images/validation/f-5bbb4e9ff17f.png,validation,fish,PIKE,2025-06-14T08:51:55,2025-06-14,8,dawn,no_fish,0,640,848,111.722,71.495,10.823,mid,high,smooth,neutral,PIKE|2025-06-14|08|5
f-5c55a3e33bf4,images/validation/f-5c55a3e33bf4.png,validation,fish,PIKE,2025-09-20T10:46:19,2025-09-20,10,day,fish,1,640,848,123.071,67.510,12.028,mid,high,medium,neutral,PIKE|2025-09-20|10|4
f-5fe7cdbf96ec,images/validation/f-5fe7cdbf96ec.png,validation,fish,PIKE,2026-07-01T06:07:32,2026-07-01,6,dawn,fish,1,1024,768,112.043,82.955,6.083,mid,high,smooth,neutral,PIKE|2026-07-01|06|0
f-60482dd538ec,images/validation/f-60482dd538ec.png,validation,fish,PIKE,2025-06-10T18:21:14,2025-06-10,18,dusk,fish,2,640,848,129.108,70.241,12.085,mid,high,medium,neutral,PIKE|2025-06-10|18|2
f-60826816191e,images/validation/f-60826816191e.png,validation,fish,PIKE,2026-02-16T10:17:25,2026-02-16,10,day,no_fish,0,768,1024,126.953,79.647,8.268,mid,high,smooth,neutral,PIKE|2026-02-16|10|1
f-65fb1b9a4bd2,images/validation/f-65fb1b9a4bd2.png,validation,fish,PIKE,2026-07-01T21:17:39,2026-07-01,21,night,fish,1,1024,768,113.237,85.215,9.767,mid,high,smooth,neutral,PIKE|2026-07-01|21|1
f-68c0664a8ff2,images/validation/f-68c0664a8ff2.png,validation,fish,EDGE_DEVICE,2026-07-24T07:13:15,2026-07-24,7,dawn,fish,1,1280,960,121.401,68.634,9.373,mid,high,smooth,neutral,EDGE_DEVICE|2026-07-24|07|1
f-69d862064237,images/validation/f-69d862064237.png,validation,fish,PIKE,2026-07-19T10:02:51,2026-07-19,10,day,fish,1,1280,960,124.911,73.714,10.284,mid,high,smooth,neutral,PIKE|2026-07-19|10|0
f-6a337b1a4944,images/validation/f-6a337b1a4944.png,validation,fish,PIKE,2026-07-19T11:37:53,2026-07-19,11,day,no_fish,0,1280,960,117.634,70.948,10.972,mid,high,smooth,neutral,PIKE|2026-07-19|11|3
f-6a367d5af541,images/validation/f-6a367d5af541.png,validation,fish,PIKE,2025-07-04T11:42:05,2025-07-04,11,day,fish,1,640,848,100.199,57.165,8.621,mid,high,smooth,neutral,PIKE|2025-07-04|11|4
f-6a8396743a3a,images/validation/f-6a8396743a3a.png,validation,fish,PIKE,2025-09-20T21:48:58,2025-09-20,21,night,fish,1,640,848,93.676,88.847,8.447,mid,high,smooth,neutral,PIKE|2025-09-20|21|4
f-6badd41957a9,images/validation/f-6badd41957a9.png,validation,fish,PIKE,2026-07-01T22:09:28,2026-07-01,22,night,fish,1,1024,768,113.034,84.066,9.104,mid,high,smooth,neutral,PIKE|2026-07-01|22|0
f-6cbedbcbf89f,images/validation/f-6cbedbcbf89f.png,validation,fish,PIKE,2025-07-04T11:28:55,2025-07-04,11,day,fish,1,640,848,124.113,73.388,9.538,mid,high,smooth,neutral,PIKE|2025-07-04|11|2
f-6cc195ddf637,images/validation/f-6cc195ddf637.png,validation,fish,PIKE,2026-07-01T22:24:31,2026-07-01,22,night,fish,1,1024,768,113.023,83.888,8.879,mid,high,smooth,neutral,PIKE|2026-07-01|22|2
f-6dd5a4990a28,images/validation/f-6dd5a4990a28.png,validation,fish,PIKE,2026-07-19T07:30:45,2026-07-19,7,dawn,fish,1,1280,960,119.379,73.931,9.914,mid,high,smooth,neutral,PIKE|2026-07-19|07|3
f-6f4383b5bf9c,images/validation/f-6f4383b5bf9c.png,validation,fish,PIKE,2025-06-10T18:26:59,2025-06-10,18,dusk,fish,3,640,848,129.955,70.760,12.318,mid,high,medium,neutral,PIKE|2025-06-10|18|2
f-6fa99ff88f1b,images/validation/f-6fa99ff88f1b.png,validation,fish,PIKE,2026-07-19T07:38:50,2026-07-19,7,dawn,fish,1,1280,960,128.377,73.604,10.277,mid,high,smooth,neutral,PIKE|2026-07-19|07|3
f-73568d256a6f,images/validation/f-73568d256a6f.png,validation,hessen,IAHC2407,2026-07-20T18:58:32,2026-07-20,18,dusk,fish,2,1280,720,168.449,63.768,17.716,bright,high,medium,neutral,IAHC2407|2026-07-20|18|5
f-76aa572b0015,images/validation/f-76aa572b0015.png,validation,fish,PIKE,2026-07-19T10:07:44,2026-07-19,10,day,fish,1,1280,960,125.236,76.072,10.805,mid,high,smooth,neutral,PIKE|2026-07-19|10|0
f-77c8b28e84b8,images/validation/f-77c8b28e84b8.png,validation,fish,PIKE,2026-07-19T11:35:49,2026-07-19,11,day,no_fish,0,1280,960,117.242,70.796,10.785,mid,high,smooth,neutral,PIKE|2026-07-19|11|3
f-77ee0d331568,images/validation/f-77ee0d331568.png,validation,fish,PIKE,2026-07-19T07:39:19,2026-07-19,7,dawn,fish,1,1280,960,119.587,71.391,9.908,mid,high,smooth,neutral,PIKE|2026-07-19|07|3
f-7a8d377bfd92,images/validation/f-7a8d377bfd92.png,validation,hessen,IAHC2407,2026-07-20T18:34:13,2026-07-20,18,dusk,fish,5,1280,720,109.912,54.156,11.679,mid,medium,smooth,neutral,IAHC2407|2026-07-20|18|3
f-7bac8b922d54,images/validation/f-7bac8b922d54.png,validation,fish,PIKE,2026-02-25T17:17:58,2026-02-25,17,day,no_fish,0,768,1024,135.309,72.768,10.108,mid,high,smooth,blue,PIKE|2026-02-25|17|1
f-7c933a7ec5cf,images/validation/f-7c933a7ec5cf.png,validation,fish,PIKE,2025-06-14T21:35:15,2025-06-14,21,night,no_fish,0,640,848,127.143,78.459,11.862,mid,high,smooth,neutral,PIKE|2025-06-14|21|3
f-7d5ca8d34cde,images/validation/f-7d5ca8d34cde.png,validation,hessen,IAHC2407,2026-07-20T18:57:09,2026-07-20,18,dusk,fish,4,1280,720,175.599,62.906,18.337,bright,high,medium,neutral,IAHC2407|2026-07-20|18|5
f-7e09d61c05af,images/validation/f-7e09d61c05af.png,validation,fish,PIKE,2026-07-19T10:08:12,2026-07-19,10,day,fish,1,1280,960,125.829,76.060,10.892,mid,high,smooth,neutral,PIKE|2026-07-19|10|0
f-7eb6fadbaeda,images/validation/f-7eb6fadbaeda.png,validation,fish,PIKE,2025-06-14T08:33:41,2025-06-14,8,dawn,no_fish,0,640,848,114.383,71.106,11.197,mid,high,smooth,neutral,PIKE|2025-06-14|08|3
f-7ee45571a18f,images/validation/f-7ee45571a18f.png,validation,hessen,IAHC2407,2026-07-20T18:52:10,2026-07-20,18,dusk,fish,3,1280,720,154.129,63.433,16.275,mid,high,medium,neutral,IAHC2407|2026-07-20|18|5
f-7f7ac8f42f34,images/validation/f-7f7ac8f42f34.png,validation,fish,PIKE,2026-07-19T11:29:30,2026-07-19,11,day,fish,1,1280,960,113.620,69.218,10.257,mid,high,smooth,neutral,PIKE|2026-07-19|11|2
f-817df5dd19e1,images/validation/f-817df5dd19e1.png,validation,fish,PIKE,2026-07-19T07:39:23,2026-07-19,7,dawn,fish,1,1280,960,119.928,72.556,10.033,mid,high,smooth,neutral,PIKE|2026-07-19|07|3
f-81a09d707340,images/validation/f-81a09d707340.png,validation,fish,PIKE,2025-06-14T21:55:32,2025-06-14,21,night,fish,2,640,848,120.203,82.216,12.180,mid,high,medium,neutral,PIKE|2025-06-14|21|5
f-82c9a9fe5c1a,images/validation/f-82c9a9fe5c1a.png,validation,fish,EDGE_DEVICE,2026-07-23T16:19:09,2026-07-23,16,day,no_fish,0,1280,960,117.968,68.686,9.960,mid,high,smooth,neutral,EDGE_DEVICE|2026-07-23|16|1
f-8344be5dda4a,images/validation/f-8344be5dda4a.png,validation,hessen,IAHC2407,2026-07-20T18:35:49,2026-07-20,18,dusk,fish,6,1280,720,139.782,63.077,13.961,mid,high,medium,neutral,IAHC2407|2026-07-20|18|3
f-8777efb2e46d,images/validation/f-8777efb2e46d.png,validation,fish,PIKE,2025-06-10T18:18:48,2025-06-10,18,dusk,fish,1,640,848,130.483,71.115,11.996,mid,high,smooth,neutral,PIKE|2025-06-10|18|1
f-88a46b95dacd,images/validation/f-88a46b95dacd.png,validation,fish,PIKE,2025-07-04T11:26:36,2025-07-04,11,day,fish,1,640,848,130.610,72.059,9.548,mid,high,smooth,neutral,PIKE|2025-07-04|11|2
f-8b5e9df8fd08,images/validation/f-8b5e9df8fd08.png,validation,fish,PIKE,2026-02-16T06:39:28,2026-02-16,6,dawn,no_fish,0,768,1024,198.707,64.084,13.322,bright,high,medium,neutral,PIKE|2026-02-16|06|3
f-9054cf79e863,images/validation/f-9054cf79e863.png,validation,fish,PIKE,2026-07-19T07:38:38,2026-07-19,7,dawn,fish,1,1280,960,127.884,73.122,10.056,mid,high,smooth,neutral,PIKE|2026-07-19|07|3
f-9220c9ad4425,images/validation/f-9220c9ad4425.png,validation,fish,PIKE,2026-02-25T17:18:42,2026-02-25,17,day,no_fish,0,768,1024,132.053,69.925,9.963,mid,high,smooth,blue,PIKE|2026-02-25|17|1
f-924c0eb9ece8,images/validation/f-924c0eb9ece8.png,validation,hessen,IAHC2407,2026-07-20T19:38:39,2026-07-20,19,dusk,fish,3,1280,720,136.908,61.322,14.618,mid,high,medium,neutral,IAHC2407|2026-07-20|19|3
f-92ce9cfe78d6,images/validation/f-92ce9cfe78d6.png,validation,fish,PIKE,2026-07-19T07:38:15,2026-07-19,7,dawn,fish,1,1280,960,126.888,73.692,9.885,mid,high,smooth,neutral,PIKE|2026-07-19|07|3
f-932eb165a2a6,images/validation/f-932eb165a2a6.png,validation,fish,PIKE,2025-09-20T03:08:56,2025-09-20,3,night,fish,1,640,848,95.706,91.256,8.659,mid,high,smooth,neutral,PIKE|2025-09-20|03|0
f-93d4f4e4aaee,images/validation/f-93d4f4e4aaee.png,validation,fish,PIKE,2026-07-01T22:04:56,2026-07-01,22,night,fish,1,1024,768,111.683,83.272,9.139,mid,high,smooth,neutral,PIKE|2026-07-01|22|0
f-952e6361bdba,images/validation/f-952e6361bdba.png,validation,fish,PIKE,2025-07-04T07:52:23,2025-07-04,7,dawn,fish,1,640,848,127.876,75.610,9.522,mid,high,smooth,neutral,PIKE|2025-07-04|07|5
f-955fad7cacfb,images/validation/f-955fad7cacfb.png,validation,hessen,IAHC2407,2026-07-20T19:35:55,2026-07-20,19,dusk,fish,2,1280,720,178.820,63.005,18.612,bright,high,medium,neutral,IAHC2407|2026-07-20|19|3
f-957d747fd5d3,images/validation/f-957d747fd5d3.png,validation,fish,PIKE,2025-06-14T23:38:03,2025-06-14,23,night,fish,1,640,848,84.660,95.995,6.847,mid,high,smooth,neutral,PIKE|2025-06-14|23|3
f-96479574bafe,images/validation/f-96479574bafe.png,validation,fish,PIKE,2026-07-19T07:39:02,2026-07-19,7,dawn,fish,1,1280,960,121.567,71.993,9.389,mid,high,smooth,neutral,PIKE|2026-07-19|07|3
f-97a499077bd6,images/validation/f-97a499077bd6.png,validation,fish,PIKE,2025-06-14T21:39:47,2025-06-14,21,night,fish,1,640,848,127.919,80.033,11.909,mid,high,smooth,neutral,PIKE|2025-06-14|21|3
f-9943f26ba371,images/validation/f-9943f26ba371.png,validation,fish,PIKE,2026-07-19T07:39:20,2026-07-19,7,dawn,fish,1,1280,960,119.073,72.442,9.969,mid,high,smooth,neutral,PIKE|2026-07-19|07|3
f-9a849f0a39b6,images/validation/f-9a849f0a39b6.png,validation,fish,PIKE,2026-02-16T06:33:44,2026-02-16,6,dawn,no_fish,0,768,1024,198.357,63.647,13.478,bright,high,medium,neutral,PIKE|2026-02-16|06|3
f-9c08db669050,images/validation/f-9c08db669050.png,validation,fish,PIKE,2025-06-14T06:05:24,2025-06-14,6,dawn,fish,1,640,848,83.743,94.153,6.749,mid,high,smooth,neutral,PIKE|2025-06-14|06|0
f-9c5c4bb6f1d3,images/validation/f-9c5c4bb6f1d3.png,validation,fish,PIKE,2026-07-20T08:11:50,2026-07-20,8,dawn,fish,1,1280,960,126.270,74.569,9.444,mid,high,smooth,neutral,PIKE|2026-07-20|08|1
f-9dff0cba5a15,images/validation/f-9dff0cba5a15.png,validation,fish,PIKE,2026-02-25T16:21:00,2026-02-25,16,day,no_fish,0,768,1024,132.101,76.320,7.456,mid,high,smooth,neutral,PIKE|2026-02-25|16|2
f-9fa0acc5323e,images/validation/f-9fa0acc5323e.png,validation,fish,PIKE,2026-07-19T11:30:59,2026-07-19,11,day,fish,2,1280,960,118.756,73.107,11.164,mid,high,smooth,neutral,PIKE|2026-07-19|11|3
f-a0319e552332,images/validation/f-a0319e552332.png,validation,fish,PIKE,2025-09-20T10:42:43,2025-09-20,10,day,fish,1,640,848,129.165,73.899,12.105,mid,high,medium,neutral,PIKE|2025-09-20|10|4
f-a49bfb9520a6,images/validation/f-a49bfb9520a6.png,validation,fish,PIKE,2026-07-01T22:23:18,2026-07-01,22,night,fish,1,1024,768,112.247,84.475,8.929,mid,high,smooth,neutral,PIKE|2026-07-01|22|2
f-a70e091b383d,images/validation/f-a70e091b383d.png,validation,hessen,IAHC2407,2026-07-20T18:33:11,2026-07-20,18,dusk,fish,1,1280,720,113.933,56.319,12.595,mid,high,medium,neutral,IAHC2407|2026-07-20|18|3
f-a70f6d768bde,images/validation/f-a70f6d768bde.png,validation,fish,PIKE,2026-07-19T07:38:57,2026-07-19,7,dawn,fish,1,1280,960,119.826,70.725,9.183,mid,high,smooth,neutral,PIKE|2026-07-19|07|3
f-aa783ceb515a,images/validation/f-aa783ceb515a.png,validation,fish,PIKE,2026-02-25T17:14:41,2026-02-25,17,day,no_fish,0,768,1024,133.141,71.454,9.759,mid,high,smooth,blue,PIKE|2026-02-25|17|1
f-aa867fbb9184,images/validation/f-aa867fbb9184.png,validation,fish,PIKE,2025-09-20T10:46:06,2025-09-20,10,day,fish,1,640,848,124.014,68.439,12.558,mid,high,medium,neutral,PIKE|2025-09-20|10|4
f-af29531d68f2,images/validation/f-af29531d68f2.png,validation,fish,PIKE,2026-07-01T15:37:13,2026-07-01,15,day,no_fish,0,1024,768,115.884,79.587,6.666,mid,high,smooth,neutral,PIKE|2026-07-01|15|3
f-afd411cf71f0,images/validation/f-afd411cf71f0.png,validation,hessen,IAHC2407,2026-07-20T19:37:17,2026-07-20,19,dusk,fish,1,1280,720,179.821,62.095,18.296,bright,high,medium,neutral,IAHC2407|2026-07-20|19|3
f-b02adf6f9944,images/validation/f-b02adf6f9944.png,validation,fish,EDGE_DEVICE,2026-07-23T16:19:45,2026-07-23,16,day,fish,1,1280,960,116.998,69.164,10.180,mid,high,smooth,neutral,EDGE_DEVICE|2026-07-23|16|1
f-b1d400d038b5,images/validation/f-b1d400d038b5.png,validation,fish,EDGE_DEVICE,2026-07-24T08:15:25,2026-07-24,8,dawn,fish,2,1280,960,121.559,70.853,8.689,mid,high,smooth,neutral,EDGE_DEVICE|2026-07-24|08|1
f-b30a006aaa75,images/validation/f-b30a006aaa75.png,validation,fish,EDGE_DEVICE,2026-07-24T07:17:05,2026-07-24,7,dawn,fish,1,1280,960,124.663,70.581,9.719,mid,high,smooth,neutral,EDGE_DEVICE|2026-07-24|07|1
f-b33a575b964b,images/validation/f-b33a575b964b.png,validation,hessen,IAHC2407,2026-07-20T18:58:22,2026-07-20,18,dusk,fish,1,1280,720,152.188,63.485,16.277,mid,high,medium,neutral,IAHC2407|2026-07-20|18|5
f-b38306606bbc,images/validation/f-b38306606bbc.png,validation,fish,PIKE,2026-07-19T11:34:41,2026-07-19,11,day,no_fish,0,1280,960,117.288,71.154,10.813,mid,high,smooth,neutral,PIKE|2026-07-19|11|3
f-b40a5b7285f6,images/validation/f-b40a5b7285f6.png,validation,fish,PIKE,2026-07-01T15:39:41,2026-07-01,15,day,fish,1,1024,768,113.866,77.750,6.581,mid,high,smooth,neutral,PIKE|2026-07-01|15|3
f-b5703c61ed35,images/validation/f-b5703c61ed35.png,validation,fish,PIKE,2025-06-12T03:06:46,2025-06-12,3,night,fish,1,640,848,81.968,89.942,7.745,mid,high,smooth,neutral,PIKE|2025-06-12|03|0
f-b5df81988375,images/validation/f-b5df81988375.png,validation,fish,PIKE,2025-06-14T22:14:36,2025-06-14,22,night,no_fish,0,640,848,108.125,85.971,9.114,mid,high,smooth,neutral,PIKE|2025-06-14|22|1
f-b6355ddf769e,images/validation/f-b6355ddf769e.png,validation,hessen,IAHC2407,2026-07-20T19:31:14,2026-07-20,19,dusk,fish,2,1280,720,147.289,63.767,15.649,mid,high,medium,neutral,IAHC2407|2026-07-20|19|3
f-b742fa3afe8c,images/validation/f-b742fa3afe8c.png,validation,fish,PIKE,2025-06-14T21:37:54,2025-06-14,21,night,fish,1,640,848,131.362,81.688,12.252,mid,high,medium,neutral,PIKE|2025-06-14|21|3
f-b9eb41ffb139,images/validation/f-b9eb41ffb139.png,validation,fish,PIKE,2025-09-20T20:54:36,2025-09-20,20,dusk,fish,1,640,848,97.518,92.510,8.476,mid,high,smooth,neutral,PIKE|2025-09-20|20|5
f-bc64ab3b7553,images/validation/f-bc64ab3b7553.png,validation,fish,PIKE,2025-06-12T03:33:02,2025-06-12,3,night,fish,1,640,848,82.053,89.311,6.833,mid,high,smooth,neutral,PIKE|2025-06-12|03|3
f-bd37fe34973d,images/validation/f-bd37fe34973d.png,validation,fish,PIKE,2025-09-20T14:08:00,2025-09-20,14,day,fish,1,640,848,140.176,76.195,13.640,mid,high,medium,blue,PIKE|2025-09-20|14|0
f-bed928794a1c,images/validation/f-bed928794a1c.png,validation,fish,PIKE,2026-07-20T07:22:24,2026-07-20,7,dawn,fish,1,1280,960,126.649,74.685,10.008,mid,high,smooth,neutral,PIKE|2026-07-20|07|2
f-c15e5056d388,images/validation/f-c15e5056d388.png,validation,fish,PIKE,2026-02-16T08:04:25,2026-02-16,8,dawn,no_fish,0,768,1024,151.676,88.274,8.970,mid,high,smooth,neutral,PIKE|2026-02-16|08|0
f-c6138de11231,images/validation/f-c6138de11231.png,validation,hessen,IAHC2407,2026-07-20T19:30:32,2026-07-20,19,dusk,fish,1,1280,720,162.751,64.195,16.736,bright,high,medium,neutral,IAHC2407|2026-07-20|19|3
f-c6cda11d9f06,images/validation/f-c6cda11d9f06.png,validation,fish,PIKE,2026-07-19T11:34:14,2026-07-19,11,day,fish,1,1280,960,115.989,71.051,10.816,mid,high,smooth,neutral,PIKE|2026-07-19|11|3
f-c75b1445bfb0,images/validation/f-c75b1445bfb0.png,validation,fish,PIKE,2025-06-14T21:39:24,2025-06-14,21,night,fish,1,640,848,128.385,79.973,11.879,mid,high,smooth,neutral,PIKE|2025-06-14|21|3
f-c79e9e4b05e5,images/validation/f-c79e9e4b05e5.png,validation,hessen,IAHC2407,2026-07-20T18:55:56,2026-07-20,18,dusk,fish,1,1280,720,130.689,56.717,15.284,mid,high,medium,neutral,IAHC2407|2026-07-20|18|5
f-c840f9ab7e13,images/validation/f-c840f9ab7e13.png,validation,fish,PIKE,2025-06-12T05:26:57,2025-06-12,5,night,fish,1,640,848,82.440,91.143,6.736,mid,high,smooth,neutral,PIKE|2025-06-12|05|2
f-c8491beb2f90,images/validation/f-c8491beb2f90.png,validation,fish,PIKE,2026-07-01T22:24:58,2026-07-01,22,night,fish,1,1024,768,113.839,83.244,8.904,mid,high,smooth,neutral,PIKE|2026-07-01|22|2
f-c9e1148873c5,images/validation/f-c9e1148873c5.png,validation,fish,PIKE,2025-09-20T10:46:33,2025-09-20,10,day,fish,1,640,848,133.673,71.999,12.857,mid,high,medium,neutral,PIKE|2025-09-20|10|4
f-cc7052f61894,images/validation/f-cc7052f61894.png,validation,fish,EDGE_DEVICE,2026-07-24T08:18:54,2026-07-24,8,dawn,fish,1,1280,960,122.125,70.476,8.840,mid,high,smooth,neutral,EDGE_DEVICE|2026-07-24|08|1
f-ce34c3523fea,images/validation/f-ce34c3523fea.png,validation,fish,EDGE_DEVICE,2026-07-23T16:19:25,2026-07-23,16,day,fish,1,1280,960,119.064,69.091,10.022,mid,high,smooth,neutral,EDGE_DEVICE|2026-07-23|16|1
f-d6a898389459,images/validation/f-d6a898389459.png,validation,fish,PIKE,2026-02-25T17:55:27,2026-02-25,17,day,fish,1,768,1024,131.429,70.964,13.299,mid,high,medium,neutral,PIKE|2026-02-25|17|5
f-d801de8ece46,images/validation/f-d801de8ece46.png,validation,fish,PIKE,2026-07-19T07:30:12,2026-07-19,7,dawn,no_fish,0,1280,960,126.977,74.422,10.405,mid,high,smooth,neutral,PIKE|2026-07-19|07|3
f-db78646bd7f2,images/validation/f-db78646bd7f2.png,validation,fish,PIKE,2026-02-25T17:58:05,2026-02-25,17,day,no_fish,0,768,1024,130.021,76.423,13.178,mid,high,medium,neutral,PIKE|2026-02-25|17|5
f-db86c80bb7c7,images/validation/f-db86c80bb7c7.png,validation,fish,PIKE,2025-06-14T21:38:13,2025-06-14,21,night,fish,1,640,848,130.438,80.806,12.019,mid,high,medium,neutral,PIKE|2025-06-14|21|3
f-dc14ee8adf89,images/validation/f-dc14ee8adf89.png,validation,hessen,IAHC2407,2026-07-20T19:34:43,2026-07-20,19,dusk,fish,2,1280,720,114.515,53.845,14.518,mid,medium,medium,neutral,IAHC2407|2026-07-20|19|3
f-dd310cde6b1b,images/validation/f-dd310cde6b1b.png,validation,fish,PIKE,2026-07-19T07:39:17,2026-07-19,7,dawn,fish,1,1280,960,119.224,72.348,9.894,mid,high,smooth,neutral,PIKE|2026-07-19|07|3
f-dfd46de1c1cc,images/validation/f-dfd46de1c1cc.png,validation,fish,EDGE_DEVICE,2026-07-24T07:13:30,2026-07-24,7,dawn,fish,2,1280,960,122.866,70.357,9.380,mid,high,smooth,neutral,EDGE_DEVICE|2026-07-24|07|1
f-e07601eeb23e,images/validation/f-e07601eeb23e.png,validation,hessen,IAHC2407,2026-07-20T18:31:38,2026-07-20,18,dusk,fish,2,1280,720,138.515,64.024,14.560,mid,high,medium,neutral,IAHC2407|2026-07-20|18|3
f-e12cd35f52ed,images/validation/f-e12cd35f52ed.png,validation,fish,PIKE,2026-07-19T07:30:16,2026-07-19,7,dawn,no_fish,0,1280,960,124.925,73.847,10.289,mid,high,smooth,neutral,PIKE|2026-07-19|07|3
f-e158fa693748,images/validation/f-e158fa693748.png,validation,fish,PIKE,2025-06-14T21:39:51,2025-06-14,21,night,fish,1,640,848,128.565,80.756,11.916,mid,high,smooth,neutral,PIKE|2025-06-14|21|3
f-e2eb217c18c2,images/validation/f-e2eb217c18c2.png,validation,hessen,IAHC2407,2026-07-20T20:55:17,2026-07-20,20,dusk,fish,2,1280,720,138.014,61.166,18.078,mid,high,medium,neutral,IAHC2407|2026-07-20|20|5
f-e43f517057b0,images/validation/f-e43f517057b0.png,validation,fish,PIKE,2025-06-12T05:26:57,2025-06-12,5,night,fish,1,640,848,83.804,91.922,6.308,mid,high,smooth,neutral,PIKE|2025-06-12|05|2
f-e62f2a4e954a,images/validation/f-e62f2a4e954a.png,validation,fish,PIKE,2025-06-14T06:08:55,2025-06-14,6,dawn,fish,1,640,848,85.458,94.533,6.652,mid,high,smooth,neutral,PIKE|2025-06-14|06|0
f-e7c7a8c5d5ab,images/validation/f-e7c7a8c5d5ab.png,validation,fish,PIKE,2026-07-19T07:30:22,2026-07-19,7,dawn,no_fish,0,1280,960,126.922,73.954,10.262,mid,high,smooth,neutral,PIKE|2026-07-19|07|3
f-e8270cc94ace,images/validation/f-e8270cc94ace.png,validation,hessen,IAHC2407,2026-07-20T18:37:01,2026-07-20,18,dusk,fish,1,1280,720,131.892,60.234,14.726,mid,high,medium,neutral,IAHC2407|2026-07-20|18|3
f-e83a40229d9c,images/validation/f-e83a40229d9c.png,validation,fish,PIKE,2026-02-25T18:25:16,2026-02-25,18,dusk,no_fish,0,768,1024,96.353,67.028,10.695,mid,high,smooth,neutral,PIKE|2026-02-25|18|2
f-ea4a50f062fb,images/validation/f-ea4a50f062fb.png,validation,fish,PIKE,2025-06-14T08:51:21,2025-06-14,8,dawn,no_fish,0,640,848,107.552,70.075,10.689,mid,high,smooth,neutral,PIKE|2025-06-14|08|5
f-ebb902c99123,images/validation/f-ebb902c99123.png,validation,fish,PIKE,2026-07-01T06:02:43,2026-07-01,6,dawn,fish,1,1024,768,118.689,83.771,6.236,mid,high,smooth,neutral,PIKE|2026-07-01|06|0
f-ec235dbe16f0,images/validation/f-ec235dbe16f0.png,validation,fish,PIKE,2025-06-14T17:37:45,2025-06-14,17,day,fish,1,640,848,129.510,73.261,11.879,mid,high,smooth,neutral,PIKE|2025-06-14|17|3
f-ed08581c51a1,images/validation/f-ed08581c51a1.png,validation,fish,EDGE_DEVICE,2026-07-23T16:19:04,2026-07-23,16,day,fish,1,1280,960,117.177,68.457,10.137,mid,high,smooth,neutral,EDGE_DEVICE|2026-07-23|16|1
f-ed38491b9530,images/validation/f-ed38491b9530.png,validation,fish,PIKE,2026-07-19T11:37:58,2026-07-19,11,day,no_fish,0,1280,960,118.780,71.916,11.227,mid,high,smooth,neutral,PIKE|2026-07-19|11|3
f-ee216c1f80cc,images/validation/f-ee216c1f80cc.png,validation,fish,PIKE,2025-06-14T22:00:59,2025-06-14,22,night,no_fish,0,640,848,125.442,87.837,10.781,mid,high,smooth,neutral,PIKE|2025-06-14|22|0
f-f0d0d0a2e35f,images/validation/f-f0d0d0a2e35f.png,validation,fish,PIKE,2025-09-20T17:28:08,2025-09-20,17,day,fish,1,640,848,134.716,75.389,12.686,mid,high,medium,blue,PIKE|2025-09-20|17|2
f-f2bd90616f88,images/validation/f-f2bd90616f88.png,validation,fish,PIKE,2026-07-01T19:02:47,2026-07-01,19,dusk,fish,1,1024,768,121.596,77.797,8.835,mid,high,smooth,neutral,PIKE|2026-07-01|19|0
f-f9841ff443c1,images/validation/f-f9841ff443c1.png,validation,fish,PIKE,2026-02-16T08:09:28,2026-02-16,8,dawn,no_fish,0,768,1024,144.797,88.905,8.701,mid,high,smooth,neutral,PIKE|2026-02-16|08|0
f-fb18ed6ac020,images/validation/f-fb18ed6ac020.png,validation,hessen,IAHC2407,2026-07-20T18:30:37,2026-07-20,18,dusk,fish,2,1280,720,189.114,60.488,20.753,bright,high,medium,neutral,IAHC2407|2026-07-20|18|3
f-fb1d6c48d3cf,images/validation/f-fb1d6c48d3cf.png,validation,fish,PIKE,2025-09-20T10:49:09,2025-09-20,10,day,fish,1,640,848,143.408,76.802,12.798,mid,high,medium,neutral,PIKE|2025-09-20|10|4
f-fc23975d5168,images/validation/f-fc23975d5168.png,validation,fish,PIKE,2025-09-20T10:49:51,2025-09-20,10,day,fish,1,640,848,134.314,74.473,12.443,mid,high,medium,neutral,PIKE|2025-09-20|10|4
f-fc799ee347d5,images/validation/f-fc799ee347d5.png,validation,fish,PIKE,2026-07-19T10:07:38,2026-07-19,10,day,fish,1,1280,960,124.391,74.261,10.973,mid,high,smooth,neutral,PIKE|2026-07-19|10|0
f-ff81adaf464e,images/validation/f-ff81adaf464e.png,validation,fish,PIKE,2025-06-14T08:38:47,2025-06-14,8,dawn,fish,2,640,848,114.520,71.220,11.584,mid,high,smooth,neutral,PIKE|2025-06-14|08|3
